,id,stk_code,stk_name,news_title,news_roundup,news_detail,begin_date,end_date,news_catalog,source,etldate,times_stamp,id,stk_name,日期:
0,36809,002081.SZ,金螳螂,安信策略陈果：那些“现象级”的逆势股是如何诞生的？,,,,,,,,,2,新国都,6-8
1,↵,摘要我们认为只有在长期下跌趋势中仍保持上涨且区间涨幅超过中位数或在中期下跌趋势中经过短期多次反复验证的个股才是真正的逆势股。　　前言 　　年初至今，A股在经历一轮明显修复后出现了一定回调，上证综指较4月8日最高点3288点震荡下跌幅度已经接近15%，市场环境也从激动喧腾回归静水深流。而当我们仔细地去复盘历史上震荡下滑的那些时刻，会发现仍不乏有一些股票能够在这种特殊的市场环境中逆市上扬，成为大家热议和追逐的对象，并被称为“逆势股”。在此，我们以在历史行情中出现的逆势股为研究对象，挖掘其特征并探索背后的原因，也许能为当前广大投资者提供一定的帮助。　　逆势股，顾名思义：即为在大盘震荡下滑的背景下，区间收益为正的股票。按照这个定义。我们将2007年至今上证综指分为两个长期下滑阶段：即2007年-2012年，2015年-2018年；三个中期下滑阶段，即2009年8月至2010年7月，2010年11月至2012年12月，2018年1月至2018年12月31日。另外，还划分了若干短期趋势，如下图所示：　　同时，我们认为只有在长期下跌趋势中仍保持上涨且区间涨幅超过中位数或在中期下跌趋势中经过短期多次反复验证的个股才是真正的逆势股。　　据此，我们进一步剔除次新股与部分重复的，筛选出约250支个股作为逆势股的研究样本，占全部A股的比例约为7%。在此，我们选取了各区间涨幅排名前20的股票，列示如下：　　接下来，我们将从以下几个角度对逆势股进行探索：　　1、历史上的逆势股有什么特征，为何能够“逆势”？　　2、从风格的角度来看，怎样从股价形态来判定逆势股的投资属性？　　3、那些“现象级”的逆势股又是如何诞生的？　　风险提示：经济增长不及预期　　正文目录如下：　　1。发现逆势股：成长和消费是大本营，首选绩优　　当谈论到逆势股，很多投资者的第一印象就是那些权重股。的确，当大盘处于下跌状态时，在避险需求的驱动下，投资者可能会认为权重股的安全系数最高。但事实上，权重股却未必都能够获得正收益。一个有趣的悖论是当权重股都获得正收益，那么大盘也就不会下跌了。因此，在大盘震荡下跌过程中，权重股并非逆势股的主力，行业龙头属性要占优于权重属性。　　在我们的统计中，超过80%的逆势股的起点市值分布在200亿以下，接近60%的在100亿市值以下，这就意味着大多数逆,摘要我们认为只有在长期下跌趋势中仍保持上涨且区间涨幅超过中位数或在中期下跌趋势中经过短期多次反复验证的个股才是真正的逆势股。　　前言 　　年初至今，A股在经历一轮明显修复后出现了一定回调，上证综指较4月8日最高点3288点震荡下跌幅度已经接近15%，市场环境也从激动喧腾回归静水深流。而当我们仔细地去复盘历史上震荡下滑的那些时刻，会发现仍不乏有一些股票能够在这种特殊的市场环境中逆市上扬，成为大家热议和追逐的对象，并被称为“逆势股”。在此，我们以在历史行情中出现的逆势股为研究对象，挖掘其特征并探索背后的原因，也许能为当前广大投资者提供一定的帮助。　　逆势股，顾名思义：即为在大盘震荡下滑的背景下，区间收益为正的股票。按照这个定义。我们将2007年至今上证综指分为两个长期下滑阶段：即2007年-2012年，2015年-2018年；三个中期下滑阶段，即2009年8月至2010年7月，2010年11月至2012年12月，2018年1月至2018年12月31日。另外，还划分了若干短期趋势，如下图所示：　　同时，我们认为只有在长期下跌趋势中仍保持上涨且区间涨幅超过中位数或在中期下跌趋势中经过短期多次反复验证的个股才是真正的逆势股。　　据此，我们进一步剔除次新股与部分重复的，筛选出约250支个股作为逆势股的研究样本，占全部A股的比例约为7%。在此，我们选取了各区间涨幅排名前20的股票，列示如下：　　接下来，我们将从以下几个角度对逆势股进行探索：　　1、历史上的逆势股有什么特征，为何能够“逆势”？　　2、从风格的角度来看，怎样从股价形态来判定逆势股的投资属性？　　3、那些“现象级”的逆势股又是如何诞生的？　　风险提示：经济增长不及预期　　正文目录如下：　　1。发现逆势股：成长和消费是大本营，首选绩优　　当谈论到逆势股，很多投资者的第一印象就是那些权重股。的确，当大盘处于下跌状态时，在避险需求的驱动下，投资者可能会认为权重股的安全系数最高。但事实上，权重股却未必都能够获得正收益。一个有趣的悖论是当权重股都获得正收益，那么大盘也就不会下跌了。因此，在大盘震荡下跌过程中，权重股并非逆势股的主力，行业龙头属性要占优于权重属性。　　在我们的统计中，超过80%的逆势股的起点市值分布在200亿以下，接近60%的在100亿市值以下，这就意味着大多数逆势股并非权重股。以权重板块沪深300为例，沪深300指数成份股中逆势股仅有67支，占比约为25%，主要分布在医药、地产、有色、传媒领域。其中，金融板块成为逆势股的概率很小。一般来看，当大盘下跌时，金融权重股基本上都处于下跌状态，整体会稍好于大盘。但是，当我们以行业龙头属性进行观察时，逆势股属于行业龙头的数量为99支(包含一线龙头和二线龙头)，占比接近40%，要明显高于权重股的占比。　　那么，这些逆势股有什么特征呢？我们分别从板块、行业、财务、机构持仓等多个角度进行分析，会发现往往都是具备良好的业绩的消费和成长股，其中成长股的数量占比最高，成交量和机构持股是一个重要的判断依据。　　1、从板块分布来看，超过半数逆势股分布在主板。具体而言，根据逆势股总样本，64.34%的逆势股为主板上市股，中小企业板上市股占24.18%，创业板逆势股只有11.48%。　　2、从风格分布来看，以TMT+电子+医药+军工为主的成长风格占比为34.05%，比例最高，金融占比很低。　　3、从行业分布来看，医药生物板块中逆势股的数量最多(占比15.57%)，其次是化工(9.02%)、电子(7.79%)、计算机行业(6.97%)和食品饮料)(6.43%)。我们以逆势股占比较高的医药、化工、计算机、电子、食饮和有色这几个行业进行观察，会看到在医药内部，药(占比81.08%)相对强于非药(占比18.91%)，中药板块占比为40.54%，是所有细分中比例最高的，其次为化学制药。化工股集中在化学制品(占比为59.09%)；计算机集中在计算机应用(占比82.35%)；电子集中在光学光电子和电子制造(合计占比为63.15%)；食饮集中在白酒(71.42%)；有色集中在以锂、钴为首的稀有金属(占比为41.66%)。　　4、从总市值角度来看，100亿市值以下的中小市值股票占比较高。例如在2007-2012年131支逆势股中，仅有格力电器、山东黄金和北方稀土三只股票市值超过200亿，100亿以下的股票占91.60%亿元，50亿以下的占78.62%；在2015年至今的逆势股中，200亿以上总市值的股票占比有所提高，占比将近40%，100亿以下的占近50%。　　5、从总股本角度看，中盘股占比高。20亿总股本以上的大盘股占比为18.44%，20亿到5亿的中盘股占比为53.28%，5亿以下中小盘的占28.28%。　　6、在机构持股方面，超过80%逆势股的前十大股东中均有国家队或机构投资者的身影。在各个统计区间内，我们发现机构持股30%以上的逆势股占比均高于50%。其中，2015年股灾至今，在逆势股中机构持股比例高于30%的占比接近80%，说明机构在大盘震荡下跌背景下是存在较强的抱团取暖的冬季，但是机构持有比例与逆势涨幅并没有明显的关系。　　7、在财务业绩方面，从2007年至今，逆势股股整体业绩不仅好于上证综指，而且具有较强的持续性。进一步，我们从个股的角度来看，超过80%的逆势股期间ROE(TTM)大于15%(中位数值约为18.38%)，超过70%的归母净利润增速平均增速大于20%(中位数值约为25.34%)。　　8、从价格形态和成交量来看，大多数逆势股在大盘震荡下行前期并没有明显上涨迹象，但是成交量上升则较为明显。　　为何在大盘震荡向下过程中有这么一批逆势股出现呢？　　我们认为主要是以下三种因素导致：　　业绩优良、抱团品种：中长期趋势中的逆势股大多都是业绩优良，公司市场地位较高，基本面较为透明且稳定，经得起考验。典型如医药股，恒瑞医药、长春高新等；同时，大盘弱势环境中，消费股防御性质比较强，属于抱团品种。典型如食饮股，贵州茅台和家电股格力电器等。　　上涨阶段涨幅落后，下跌过程中补涨：在大盘震荡环境中，前期涨幅过高导致估值贵的股票率先回落，市场资金将迅速寻找前期涨幅不充分，估值偏低的板块中的优质标的。这点在周期股中比较明显，例如2011年建材板块的金螳螂等和地产板块阳光城等，2012年机械板块的杰瑞股份等。但需要提醒的是有部分股票是滞后于大盘变动，当大盘下跌时，此类股票还会延续上涨趋势，形成逆势的假象。　　热点题材，受重大政策利好刺激：这点主要集中在成长股，以计算机和电子行业最为明显。例如2009-2010年大盘震荡下滑区间芯片国产化、苹果产业链、网络安全等主题概念股就呈现逆势上扬，例如紫光国微、浪潮信息；2010-2012年则有大数据、LNG、环保等，例如拓尔思、广汇能源、启迪桑德。2018年MSCI概念、云计算等领域逆势效应明显，例如航天信息、石基信息、东华软件等。　　2。三类逆势股形态：成长逆势而上，周期先抑后扬，消费先扬后抑　　进一步，结合个股的股价形态，我们将逆势股大致分为以下三种情形(需要提醒的是由于医药占比较高，故在以下分析中暂不考虑。)：　　第一种，大盘震荡向下的过程中，逆势股震荡向上的；　　第二种，大盘震荡向下的过程中，逆势股先震荡向下，中后段上涨；　　第三种，大盘震荡向下的过程中，逆势股先震荡向上后补跌。　　1、对于第一种，该类股票较少，计算机占比最高，电子次之。我们发现能够在大盘震荡向下的过程中，逆势股震荡向上的股票仅有44支(不含医药)，数量较少。从行业分布来看，成长型行业较为明显，排名靠前的是计算机(22.44%)和电子(14.28%)。　　2、对于第二种，这类逆势股中周期类占比相对较高。具体而言，从行业分布来看，提前反弹排名前五的是公用事业(9.30%)和电子(8.52%)、房地产(7.27%)、有色金属(7.27%)和建筑材料(6.36%)。　　3、对于第三种，主要以食饮、家电为代表的消费行业为主。具体而言，从行业分布来看，食品饮料占比是14.78%，家用电器行业占比是12.67%，占比明显高于其他行业。以伊利股份为例，该股从2010年7月15日至2010年12月1日区间内涨幅超过57.30%，但随着大盘持续下跌，该股随后基本收回全部涨幅。　　3。聚焦“现象级”逆势股：大浪淘沙，“剩”者为王　　最后，我们选取2007-2014年和2015-2018年这两段大盘震荡下跌时期进行观察，看看在长期逆势环境中出现的那些现象级“逆势股”。　　1、在大盘震荡下跌环境中涨幅靠前的，即在两波大大盘震荡下跌中涨幅在均取得正收益率的股票中前5%的。我们发现在2007-2014年大盘震荡下跌中以TMT+医药+军工为主的成长类股票在逆势上涨幅度十分明显，例如长春高新、中航电子、浪潮信息、紫光国微等，区间涨跌幅均超过300%。在2015至今的大盘震荡下跌中成长类股票依然表现抢眼，例如恒瑞医药、亨通光电、信息发展等，区间涨跌幅均超过100%，同时有色、食品饮料领域也有较强的逆势表现。　　2、在大盘震荡下跌环境中能够实现市值阈值跨越的。一般而言，不同行业的公司存在市值阈值，也就是所谓的“天花板”，TMT类公司约在400 亿左右、必需消费(200 亿)、中游设备(200 亿)，上游材料和中游材料(50 亿)。在两波大盘震荡下跌中，能够突破阈值的公司并不多，主要集中在医药领域，包括乐普医疗(突破500亿元)、爱尔眼科(突破600亿元)、片仔癀(突破500亿元)、智飞生物(突破600亿元)、华东医药(突破500亿元)。进一步，并站上千亿市值的公司更是寥寥，除了三六零、顺丰控股等借壳上市之外，仅有恒瑞医药、万华化学、中国国旅、上海机场、牧原股份等极少数公司实现了这点。　　3、在大盘多次震荡下跌中反复出现的逆势个股。一类是在连续短期下跌趋势中均保持上涨的股票。例如在2009年8月3日至2010年7月1日三个短期区间中均逆势上涨的股票，如云南白药、七匹狼、登海种业、金种子酒；在2010年11月9日至 2012年12月3日三个短期区间中均逆势上涨的股票，如片仔癀、鹏欣资源、贵州茅台等。另外一类是在跨期下跌趋势中仍保持上涨的股票，如片仔癀、贵州茅台、云南白药、长春高新(3次)、等在三次跨期大盘震荡下跌中均保持正收益。　　4、在大盘震荡下跌中大浪淘沙，渡尽劫波后逆势上涨，同时能够超越牛熊的。即在两波大大盘震荡下跌中均取得正收益率并在2007股灾难至今实现翻倍的股票，共约20支股票。　　这些现象级的逆势股又有哪些特征？当我们深入观察这些“现象级”逆势股时，会发现这和公,6/8/19,8/20/19,6,whatever,6/8/19,6/8/19 15:17,,,,3,博迈科,6-8
2,36810,300130.SZ,新国都,新国都股东江汉拟减持股份 该公司去年利润增长245%↵,6月8日消息，新国都,6月8日消息，新国都,6/8/19,8/20/19,6,whatever,6/8/19,6/8/19 15:22,4,恒力股份,6-8
3,36811,603727.SH,博迈科,博迈科股东光大金控拟减持总股份的5% 该去年利润下滑93%↵,6月8日消息，博迈科,6月8日消息，博迈科,6/8/19,8/20/19,6,whatever,6/8/19,6/8/19 15:22,5,万润科技,6-8
4,36812,600346.SH,恒力股份,恒力股份控股股东恒力集团增持498万股 该公司去年利润增长4%↵,6月8日消息，恒力股,6月8日消息，恒力股,6/8/19,8/20/19,6,whatever,6/8/19,6/8/19 15:22,6,共进股份,6-8
5,36813,002654.SZ,万润科技,万润科技股东宏泰国投增持903万股 耗资约3872万元↵,6月8日消息，万润科,6月8日消息，万润科,6/8/19,8/20/19,6,whatever,6/8/19,6/8/19 15:22,7,庄园牧场,6-8
6,36814,603118.SH,共进股份,共进股份副总经理王志波辞职 2018年薪酬为94万元↵,6月8日消息，近日共,6月8日消息，近日共,6/8/19,8/20/19,6,whatever,6/8/19,6/8/19 15:22,8,宏辉果蔬,6-8
7,36815,002910.SZ,庄园牧场,庄园牧场副总经理马添粮辞职 该公司去年净利润6353万元↵,6月8日消息，近日庄,6月8日消息，近日庄,6/8/19,8/20/19,6,whatever,6/8/19,6/8/19 15:22,9,蓝英装备,6-8
13,36821,600266.SH,北京城建,失落的地产股：绿地控股调出上证50指数↵,摘要【失落的地产股：,摘要【失落的地产股：,6/8/19,8/20/19,6,whatever,6/8/19,6/8/19 15:22,159,新国都,6-8
14,36822,600895.SH,张江高科,失落的地产股：绿地控股调出上证50指数↵,摘要【失落的地产股：,摘要【失落的地产股：,6/8/19,8/20/19,6,whatever,6/8/19,6/8/19 15:22,160,博迈科,6-8
15,36823,600048.SH,保利地产,失落的地产股：绿地控股调出上证50指数↵,摘要【失落的地产股：,摘要【失落的地产股：,6/8/19,8/20/19,6,whatever,6/8/19,6/8/19 15:22,161,恒力股份,6-8
16,36824,600340.SH,华夏幸福,失落的地产股：绿地控股调出上证50指数↵,摘要【失落的地产股：,摘要【失落的地产股：,6/8/19,8/20/19,6,whatever,6/8/19,6/8/19 15:22,162,万润科技,6-8
17,36825,000732.SZ,泰禾集团,失落的地产股：绿地控股调出上证50指数↵,摘要【失落的地产股：,摘要【失落的地产股：,6/8/19,8/20/19,6,whatever,6/8/19,6/8/19 15:22,163,共进股份,6-8
18,36826,601155.SH,新城控股,失落的地产股：绿地控股调出上证50指数↵,摘要【失落的地产股：,摘要【失落的地产股：,6/8/19,8/20/19,6,whatever,6/8/19,6/8/19 15:22,164,庄园牧场,6-8
19,36827,600208.SH,新湖中宝,失落的地产股：绿地控股调出上证50指数↵,摘要【失落的地产股：,摘要【失落的地产股：,6/8/19,8/20/19,6,whatever,6/8/19,6/8/19 15:22,165,宏辉果蔬,6-8
20,36828,000656.SZ,金科股份,失落的地产股：绿地控股调出上证50指数↵,摘要【失落的地产股：,摘要【失落的地产股：,6/8/19,8/20/19,6,whatever,6/8/19,6/8/19 15:22,166,蓝英装备,6-8
748,37556,002945.SZ,华林证券,北向资金三天抢筹85亿元 市场局部热点风生水起↵,郭晨凯 制图　　上海证券报⊙汪友若 记者 费天元 ○编辑 朱茵　　周三，A股三大股指延续横盘震荡趋势，成交量能继续萎缩。截至收盘，上证指数报2861.42点，下跌0.03%；深证成指报8746.05点，下跌0.03%；创业板指报1451.18点，下跌0.35%。沪深两市合计成交4077.87亿元，较前一日缩量接近150亿元。　　值得关注的是，北向资金一改5月净流出的态势，已经连续3日实现净买入。　　截至周三收盘，借道沪深股通的北向资金合计净流入30.58亿元，其中沪股通净流入22.76亿元，深股通净流入7.82亿元。周一、周二，北向资金分别净流入44.07亿元和10.64,郭晨凯 制图　　上海证券报⊙汪友若 记者 费天元 ○编辑 朱茵　　周三，A股三大股指延续横盘震荡趋势，成交量能继续萎缩。截至收盘，上证指数报2861.42点，下跌0.03%；深证成指报8746.05点，下跌0.03%；创业板指报1451.18点，下跌0.35%。沪深两市合计成交4077.87亿元，较前一日缩量接近150亿元。　　值得关注的是，北向资金一改5月净流出的态势，已经连续3日实现净买入。　　截至周三收盘，借道沪深股通的北向资金合计净流入30.58亿元，其中沪股通净流入22.76亿元，深股通净流入7.82亿元。周一、周二，北向资金分别净流入44.07亿元和10.64亿元。本周前三个交易日，北向资金已累计净流入85.29亿元。　　在刚过去的5月份，北向资金单月净卖出536.74亿元，流出金额创下历史新高。但进入6月以来，北向资金转为连续净流入。　　对此，业内人士分析认为，一方面，经过此前一轮的调整，不少A股标的都有了一定幅度的回调，估值“便宜了”；另一方面，MSCI纳入A股权重翻倍已经于5月底正式生效，A股纳入富时罗素指数体系也将于6月24日生效，合力之下外资恢复净流入。　　外资流向能否就此发生逆转，还有待市场解答，但不少机构对此持乐观态度。　　东北证券表示，在5月末北向资金的流出趋势出现一定收敛后，6月伊始北向资金再次转为净流入，为5月以来除MSCI扩容日之外最大的流入额，北向资金动向出现偏积极的信号。当前A股市场估值结构与2012年12月底部时相似，长期配置性价比较高。　　华创证券指出，伴随6月A股“入富”，下半年两次MSCI扩容以及保险投资权益比例限制放松和银行理财子公司加速，预计中长期外资或持续流入，进而成为新一轮行情的主导力量。　　在指数平静的表象下，昨日市场局部热点却演绎得风生水起。5G概念连续3日爆发，多只个股走出连板走势。农业、稀土永磁等前期热门题材再度走强，券商等权重板块同样呈现复苏迹象。　　5G概念无疑成为本周市场最强主线。东财5G概念指数连续3日拉升，整体涨幅接近5%。个股更是接连掀起涨停潮，领涨龙头铭普光磁近期股价狂揽6连板，华脉科技、欣天科技也已收获3连板。　　消息面上，工业和信息化部将于近期发放5G商用牌照，宣告我国将正式进入5G商用元年。　　招商证券通过对比历史数据后指出，在3G牌照发放后，通信行业股价至最高点涨幅近98%，持续时间约1年左右；在4G牌照发放后，通信行业至最高点涨幅近243%，持续时间约1年半左右。　　招商证券强调，站在当前时点，坚定看好5G产业在未来两至三年的投资价值，建议沿着“三条明线”进行布局，即5G基础设备建设、5G下游应用爆发、5G带来全面IT云化，同时关注核心元器件实现全面进口替代所带来的自主可控机遇。　　农业板块仅短暂调整一天后便卷土重来，万向德农、敦煌种业、苏垦农发等多股收获涨停。稀土永磁板块同样重拾升势，新领涨龙头国泰集团收获3连板，银河磁体、德宏股份等同样收获涨停。　　券商板块午后一度异动，带动上证综指短暂冲高。截至收盘，华林证券上涨6.47%，本周累计涨幅达到14%，光大证券涨逾3%，海,6/8/19,8/20/19,6,whatever,6/8/19,6/8/19 16:55,1081,数据港,6-8
749,37557,601788.SH,光大证券,北向资金三天抢筹85亿元 市场局部热点风生水起↵,郭晨凯 制图　　上海证券报⊙汪友若 记者 费天元 ○编辑 朱茵　　周三，A股三大股指延续横盘震荡趋势，成交量能继续萎缩。截至收盘，上证指数报2861.42点，下跌0.03%；深证成指报8746.05点，下跌0.03%；创业板指报1451.18点，下跌0.35%。沪深两市合计成交4077.87亿元，较前一日缩量接近150亿元。　　值得关注的是，北向资金一改5月净流出的态势，已经连续3日实现净买入。　　截至周三收盘，借道沪深股通的北向资金合计净流入30.58亿元，其中沪股通净流入22.76亿元，深股通净流入7.82亿元。周一、周二，北向资金分别净流入44.07亿元和10.64,郭晨凯 制图　　上海证券报⊙汪友若 记者 费天元 ○编辑 朱茵　　周三，A股三大股指延续横盘震荡趋势，成交量能继续萎缩。截至收盘，上证指数报2861.42点，下跌0.03%；深证成指报8746.05点，下跌0.03%；创业板指报1451.18点，下跌0.35%。沪深两市合计成交4077.87亿元，较前一日缩量接近150亿元。　　值得关注的是，北向资金一改5月净流出的态势，已经连续3日实现净买入。　　截至周三收盘，借道沪深股通的北向资金合计净流入30.58亿元，其中沪股通净流入22.76亿元，深股通净流入7.82亿元。周一、周二，北向资金分别净流入44.07亿元和10.64亿元。本周前三个交易日，北向资金已累计净流入85.29亿元。　　在刚过去的5月份，北向资金单月净卖出536.74亿元，流出金额创下历史新高。但进入6月以来，北向资金转为连续净流入。　　对此，业内人士分析认为，一方面，经过此前一轮的调整，不少A股标的都有了一定幅度的回调，估值“便宜了”；另一方面，MSCI纳入A股权重翻倍已经于5月底正式生效，A股纳入富时罗素指数体系也将于6月24日生效，合力之下外资恢复净流入。　　外资流向能否就此发生逆转，还有待市场解答，但不少机构对此持乐观态度。　　东北证券表示，在5月末北向资金的流出趋势出现一定收敛后，6月伊始北向资金再次转为净流入，为5月以来除MSCI扩容日之外最大的流入额，北向资金动向出现偏积极的信号。当前A股市场估值结构与2012年12月底部时相似，长期配置性价比较高。　　华创证券指出，伴随6月A股“入富”，下半年两次MSCI扩容以及保险投资权益比例限制放松和银行理财子公司加速，预计中长期外资或持续流入，进而成为新一轮行情的主导力量。　　在指数平静的表象下，昨日市场局部热点却演绎得风生水起。5G概念连续3日爆发，多只个股走出连板走势。农业、稀土永磁等前期热门题材再度走强，券商等权重板块同样呈现复苏迹象。　　5G概念无疑成为本周市场最强主线。东财5G概念指数连续3日拉升，整体涨幅接近5%。个股更是接连掀起涨停潮，领涨龙头铭普光磁近期股价狂揽6连板，华脉科技、欣天科技也已收获3连板。　　消息面上，工业和信息化部将于近期发放5G商用牌照，宣告我国将正式进入5G商用元年。　　招商证券通过对比历史数据后指出，在3G牌照发放后，通信行业股价至最高点涨幅近98%，持续时间约1年左右；在4G牌照发放后，通信行业至最高点涨幅近243%，持续时间约1年半左右。　　招商证券强调，站在当前时点，坚定看好5G产业在未来两至三年的投资价值，建议沿着“三条明线”进行布局，即5G基础设备建设、5G下游应用爆发、5G带来全面IT云化，同时关注核心元器件实现全面进口替代所带来的自主可控机遇。　　农业板块仅短暂调整一天后便卷土重来，万向德农、敦煌种业、苏垦农发等多股收获涨停。稀土永磁板块同样重拾升势，新领涨龙头国泰集团收获3连板，银河磁体、德宏股份等同样收获涨停。　　券商板块午后一度异动，带动上证综指短暂冲高。截至收盘，华林证券上涨6.47%，本周累计涨幅达到14%，光大证券涨逾3%，海,6/8/19,8/20/19,6,whatever,6/8/19,6/8/19 16:55,1082,博敏电子,6-8
752,37560,002049.SZ,紫光国微,超级大单：震荡行情下 这些股票遭特大单大幅抛售↵,【超级大单】震荡行情下，这些股票遭特大单大幅抛售　　来源：证券时报　　沪指高开低走，中国平安、金逸影视、紫光国微、浙江龙盛特大单净流出超2亿元。　　周三，沪指高开低走，收盘微跌，日K线4连阴，深成指、创业板指同样微跌收盘。市场成交低迷，两市成交不足4100亿元，处于阶段低位。北上资金全天净流入约31亿元，为连续第3日净流入，其中沪股通净流入近23亿元，深股通净流入近8亿元。　　盘面上，农业板块卷土重来，领涨概念板块，众兴菌业、万向德农、荃银高科、新赛股份等逾10股集体涨停；5G板块延续强势，国脉,【超级大单】震荡行情下，这些股票遭特大单大幅抛售　　来源：证券时报　　沪指高开低走，中国平安、金逸影视、紫光国微、浙江龙盛特大单净流出超2亿元。　　周三，沪指高开低走，收盘微跌，日K线4连阴，深成指、创业板指同样微跌收盘。市场成交低迷，两市成交不足4100亿元，处于阶段低位。北上资金全天净流入约31亿元，为连续第3日净流入，其中沪股通净流入近23亿元，深股通净流入近8亿元。　　盘面上，农业板块卷土重来，领涨概念板块，众兴菌业、万向德农、荃银高科、新赛股份等逾10股集体涨停；5G板块延续强势，国脉科技、欣天科技、汇源通信、京泉华等近10股涨停。送转填权、石油、黄金等板块亦有不俗表现。医药板块领跌，大叁林、恩华制药、一心堂等跌逾5%。　　分行业来看，28个申万一级行业涨跌互现，通信、房地产领涨，涨幅分别为2.16%、1.03%；下跌的行业中，医药生物收盘下挫2.47%跌幅居首，其余行业跌幅均不足1%。　　特大单资金动向方面，沪深两市全天特大单小幅净流出1.87亿元，共计1032股特大单净流入，1442股特大单净流出。从28个申万一级行业来看，今日有13个行业特大单资金净流入，通信特大单净流入规模居首，净流入资金11.05亿元；其次是银行、农林牧渔，净流入资金均约5亿元。　　特大单资金净流出的15个行业中，净流出资金最多的是医药生物，特大单净流出资金9.5亿元；其次是交通运输，特大单净流出资金4.4亿元；净流出资金居前的还有电子、化工等行业。　　具体到个股来看，17股特大单净流入超亿元。中兴通讯特大单净流入5.22亿元，净流入资金规模居首；北大荒（维权）特大单净流入资金2.66亿元，位列第二；净流入资金居前的还有农业银行、中信证券、富春股份等。　　股价表现方面，特大单资金净流入超亿元个股今日平均上涨5.75%，表现强于沪指。具体看，上述个股今日全线上涨，通信行业龙头中兴通讯今日大涨逾5%，最新价重新站上所有均线；富春股份、广电网络、综艺股份、明阳电路4股则以涨停收盘。　　所属行业来看，上述特大单净流入资金居前个股中，非银金融、传媒、农林牧渔行业最为集中，上榜个股有3只、2只、2只。　　特大单净流出股中，今日有13股净流出超亿元。中国平安特大单净流出资金5.1亿元，净流出资金最多；金逸影视位居第二，净流出3.83亿元，该股自上周四出现“过山车”走势以来，连续4日跌停，今日盘中短暂打开跌停，再度被封单封死跌停；紫光国微位列第三，净流出2.08亿元，已连续2天位居净流出资金规模前列；浙江龙盛紧随其后，净流出资金2.07亿元，收盘价再创调整以来新低，年内高点以来已回撤40%。　　声明：数据宝所有资讯内容不构成投资建议，股市有,6/8/19,8/20/19,6,whatever,6/8/19,6/8/19 16:55,1085,新国都,6-8
835,37643,601005.SH,重庆钢铁,债转股投放落地规模近万亿元 涉及26个行业106家企业↵,推动市场化法治化债转股促进稳增长防风险工作吹风会昨日举行　　债转股投放落地规模近万亿元 涉及26个行业106家企业　　“截至2019年4月末，债转股签约金额已经达到2.3万亿元，投放落地9095亿元。”6月5日，在国新办举行的新闻发布会上，国家发展改革委副主任连维良表示，目前已有106家企业、367个项目实施债转股。实施债转股的行业和区域覆盖面不断扩大，涉及钢铁、有色、煤炭、电力、交通运输等26个行业。　　据连维良介绍，随着各项工作的逐步深入，市场化法治化债转股工作在稳增长、促改革、防风险方面取得了积极,推动市场化法治化债转股促进稳增长防风险工作吹风会昨日举行　　债转股投放落地规模近万亿元 涉及26个行业106家企业　　“截至2019年4月末，债转股签约金额已经达到2.3万亿元，投放落地9095亿元。”6月5日，在国新办举行的新闻发布会上，国家发展改革委副主任连维良表示，目前已有106家企业、367个项目实施债转股。实施债转股的行业和区域覆盖面不断扩大，涉及钢铁、有色、煤炭、电力、交通运输等26个行业。　　据连维良介绍，随着各项工作的逐步深入，市场化法治化债转股工作在稳增长、促改革、防风险方面取得了积极成效。如在企业杠杆率方面，截至2018年年末，我国总体杠杆率为249.4%，比2017年年末降低1.5个百分点；同时，债转股工作增强了优质企业资本实力和综合竞争力。目前针对优质企业的债转股占到落地规模的一半以上；除此之外，债转股工作还推动了出险企业债务的稳妥有序处置、深化了国有企业改组改制、有力支持了民营经济发展。　　市场化法治化债转股作为降杠杆减负债的一项重要措施和有效途径，在优化企业资本结构、降低企业债务风险、减轻企业债务负担等方面，发挥着十分重要的作用。　　如果仅从中央企业角度来说，中央企业的市场化债转股工作亦取得了积极进展。　　国资委财务监管局负责人王海琳给出的数据显示，截至一季度末，中央企业资产负债率为65.7%，同比下降0.2个百分点，有56家中央企业资产负债率实现下降，特别是冶金、火电、建筑等产能过剩及高负债行业的负债率明显下降。　　据悉，目前已有中国宝武、国家电投、中船重工等19家中央企业与银行等机构签订了市场化债转股协议，签约规模超过5000亿元，落地金额超过3000亿元。　　连维良称，从效果上看，可以说都是比较成功的。如国家电力投资集团、中国船舶、中国重工、宝武钢铁等较高负债的企业，通过实施债转股，企业资产负债率明显下降，有效减轻了企业财务负担，增强了企业资本实力和竞争力；再比如东北特钢、重庆钢铁等，通过债转股引入战略投资者实施重组，发展混合所有制，使企业长期亏损的状况得到扭转。　　对于市场化法治化债转股而言，社会力量的参与意义十分重大。连维良称，下一步，将积极吸引社会力量参与市场化法治化债转股。强化依法平等保护社会资本权益。支持金融资产投资公司发起设立资管产品，支持保险资金等长期限资金投资。探索公募资管产品依法合规参与债转股。　　据《证券日报》记者了解，原银监会已于2017年批准了5家大型商业银行分别成立金融资产投资公司，专注于实施市场化法治化债转股。　　银保监会统计信息与风险监测部负责人刘志清透露，目前，金融资产投资公司共落地实施债转股项目254个，落地金额4000亿元。其中，通过私募股权投资基金、私募资管产品等渠道共募集社,6/8/19,8/20/19,6,whatever,6/8/19,6/8/19 16:55,2,新国都,6-8
836,37644,601229.SH,上海银行,央行连续三天开展逆回购 净投放4000亿元↵,记者 刘　琪　　上周，为对冲税期高峰、政府债券发行缴款等因素的影响，维护银行体系流动性合理充裕，央行于5月21日、22日以利率招标方式分别展开了800亿元和200亿元的逆回购操作。5月23日、24日，央行表示银行体系流动性总量处于合理充裕水平，不开展逆回购。　　在暂停两天逆回购后，本周一央行便开启逆回购操作，且在周二、周三连续开展逆回购，逆回购金额不断加码。具体来看，5月27日，央行以利率招标方式开展,记者 刘　琪　　上周，为对冲税期高峰、政府债券发行缴款等因素的影响，维护银行体系流动性合理充裕，央行于5月21日、22日以利率招标方式分别展开了800亿元和200亿元的逆回购操作。5月23日、24日，央行表示银行体系流动性总量处于合理充裕水平，不开展逆回购。　　在暂停两天逆回购后，本周一央行便开启逆回购操作，且在周二、周三连续开展逆回购，逆回购金额不断加码。具体来看，5月27日，央行以利率招标方式开展了800亿元7天逆回购；5月28日，央行表示为对冲逆回购到期等因素等影响，维护银行体系流动性合理充裕，以利率招标方式开展了1500亿元7天逆回购；5月29日，央行表示为维护银行体系流动性合理充裕，以利率招标方式开展了2700亿元7天逆回购。三天逆回购中标利率均为2.55%。　　与此同时，5月28日和5月29日，分别有800亿元和200亿元的7天逆回购到期，故本周以来截至周三，央行净投放达4000亿元。　　在上海银行间同业拆放利率（Shinbor）方面，5月28日继续上涨，涨幅缓慢。具体来看，隔夜Shibor上涨9.4个基点，报2.76%；7天Shibor上涨11.2个基点，报2.823%；14天Shibor上涨15.2个基点，报2.955%。5月29日，隔夜Shibor回落，下降26.9个基点，报2.491%；7天Shibor下降3.8个基点，报2.785%；14天Shibor上涨2.6个基点，报2.981%。　　“受银行业突发事件影响，银行间流动性边际收紧。”有分析人士对《证券日报》记者表示，首先，突发事件或打破同业存单刚兑预期，加剧中小银行流动性压力；其次，各家金融机构将大概率加大同业拆借、质押式回购等业务风控审查，需要一定时间重塑传统业务标准；最后，银行作为许多非银机构流动性的重要来源，常常被非银机构视作流动性的“最后保障”，银行业的突发事件对非银机构流动性管理冲击十分显著。　　该分析人士认为，央行近三日的大额投放稳定市场预期，避免恐慌情绪蔓延，为化解突发事件风险提供了坚实基础。　　此外，中信证券固定收益首席分析师明明在接受本报记者采访时表示，今年以来，货币政策总体稳健、中性，流动性也整体,6/8/19,8/20/19,6,whatever,6/8/19,6/8/19 16:55,3,博迈科,6-8
837,37645,600030.SH,中信证券,央行连续三天开展逆回购 净投放4000亿元↵,记者 刘　琪　　上周，为对冲税期高峰、政府债券发行缴款等因素的影响，维护银行体系流动性合理充裕，央行于5月21日、22日以利率招标方式分别展开了800亿元和200亿元的逆回购操作。5月23日、24日，央行表示银行体系流动性总量处于合理充裕水平，不开展逆回购。　　在暂停两天逆回购后，本周一央行便开启逆回购操作，且在周二、周三连续开展逆回购，逆回购金额不断加码。具体来看，5月27日，央行以利率招标方式开展,记者 刘　琪　　上周，为对冲税期高峰、政府债券发行缴款等因素的影响，维护银行体系流动性合理充裕，央行于5月21日、22日以利率招标方式分别展开了800亿元和200亿元的逆回购操作。5月23日、24日，央行表示银行体系流动性总量处于合理充裕水平，不开展逆回购。　　在暂停两天逆回购后，本周一央行便开启逆回购操作，且在周二、周三连续开展逆回购，逆回购金额不断加码。具体来看，5月27日，央行以利率招标方式开展了800亿元7天逆回购；5月28日，央行表示为对冲逆回购到期等因素等影响，维护银行体系流动性合理充裕，以利率招标方式开展了1500亿元7天逆回购；5月29日，央行表示为维护银行体系流动性合理充裕，以利率招标方式开展了2700亿元7天逆回购。三天逆回购中标利率均为2.55%。　　与此同时，5月28日和5月29日，分别有800亿元和200亿元的7天逆回购到期，故本周以来截至周三，央行净投放达4000亿元。　　在上海银行间同业拆放利率（Shinbor）方面，5月28日继续上涨，涨幅缓慢。具体来看，隔夜Shibor上涨9.4个基点，报2.76%；7天Shibor上涨11.2个基点，报2.823%；14天Shibor上涨15.2个基点，报2.955%。5月29日，隔夜Shibor回落，下降26.9个基点，报2.491%；7天Shibor下降3.8个基点，报2.785%；14天Shibor上涨2.6个基点，报2.981%。　　“受银行业突发事件影响，银行间流动性边际收紧。”有分析人士对《证券日报》记者表示，首先，突发事件或打破同业存单刚兑预期，加剧中小银行流动性压力；其次，各家金融机构将大概率加大同业拆借、质押式回购等业务风控审查，需要一定时间重塑传统业务标准；最后，银行作为许多非银机构流动性的重要来源，常常被非银机构视作流动性的“最后保障”，银行业的突发事件对非银机构流动性管理冲击十分显著。　　该分析人士认为，央行近三日的大额投放稳定市场预期，避免恐慌情绪蔓延，为化解突发事件风险提供了坚实基础。　　此外，中信证券固定收益首席分析师明明在接受本报记者采访时表示，今年以来，货币政策总体稳健、中性，流动性也整体,6/8/19,8/20/19,6,whatever,6/8/19,6/8/19 16:55,4,恒力股份,6-8
838,37646,600808.SH,马钢股份,提高上市公司质量 需要“三板斧”↵,今日视点：提高上市公司质量 需要“三板斧”　　日前，证监会主席易会满在接受记者采访时表示，上市公司质量是资本市场的支撑和基石，提高上市公司质量是一项宏大的系统工程，需要上市公司、监管者、投资者和市场各参与方的共同努力。　　在美国对中国制造产品加征关税越来越烈的今天，易会满主席的此番表态为中国经济的领头羊，即中国上市公司寻求新发展规划了新的路径。伴随着外部市场的不确定性日益增加，上市公司必须加大创新力度，提高自主研发能力，不断提高产品的市场竞争力，实现企业长期可持续发展。不光如此，,今日视点：提高上市公司质量 需要“三板斧”　　日前，证监会主席易会满在接受记者采访时表示，上市公司质量是资本市场的支撑和基石，提高上市公司质量是一项宏大的系统工程，需要上市公司、监管者、投资者和市场各参与方的共同努力。　　在美国对中国制造产品加征关税越来越烈的今天，易会满主席的此番表态为中国经济的领头羊，即中国上市公司寻求新发展规划了新的路径。伴随着外部市场的不确定性日益增加，上市公司必须加大创新力度，提高自主研发能力，不断提高产品的市场竞争力，实现企业长期可持续发展。不光如此，上市公司更要苦练内功，继续在推动经济和自身高质量发展中发挥好“头雁效应”。　　提高上市公司质量，要从以下三方面努力。　　创新是提高上市公司质量的第一要务。透视中国证券市场29年来的发展历程不难发现，从主板公司到中小板公司再到创业板公司，乃至于即将亮相的科创板公司，创新始终贯穿其中。　　正是受益于证券市场的大力支持，上市公司才能将更多的资金投入到新产品、新技术的研发之中。如今耳熟能详名扬天下的5G技术、中国高铁、中国家电等一张张代表着“中国制造”的崭新名片，都缺不了投资者的携手支持。　　与此相反的案例也很直白，个别公司在上市之后不思进取，产品“老三样”缺乏创新，跟不上时代前进的步伐，其结果就是如今走到保壳退市的地步。　　并购是提高上市公司质量的第二要务。从国内外企业的发展历程看，上市公司要想做大做强，并购是一道迈不过去的坎。6月2日，马钢股份（600808）发布公告称，安徽省国资委将持有的马钢集团51%股权无偿划转至中国宝武，这无疑将推动中国宝武成为“全球钢铁业引领者”的远大愿景，进一步打造钢铁领域世界级的技术创新、产业投资和资本运营平台。正是类似的并购越来越多，中国上市公司的整体质量得到了不断的提升。　　国际化是提高上市公司质量的第三要务。尽管近期中美贸易摩擦给国内上市公司的国际化布局带来了些许影响，但是我们不能因噎废食，减缓国内上市公司进军国际市场的步伐，反倒是应该鞭策上市公司更深地融入国际市场，使得国际市场对国内上市公司的依赖性加深。上市公司要在练好内功的基础上，积极寻求与国际各类企业的合作机会，共享市场、共享机会。　　目前，证监会正在抓紧研究制定提高上市公司质量行动计划。希望通过3年到5年的努力，引导上市公司经营更加稳健，运作更加规范，信披更加真实有效，主业更加突出，创新能力和核心竞争力不断增强，投资者回报机制持续优化，使上市公司质量有较大提升。我们相信，通过上市公司、监管者、投资者和市场各参与方的共同努力，玩转提高上市公司质量的“三板斧”，国内上市公司会迎来发,6/8/19,8/20/19,6,whatever,6/8/19,6/8/19 16:55,5,万润科技,6-8
839,37647,600030.SH,中信证券,中信证券：基本面数据仍显疲弱 通胀或迎年内最高点↵,宏观|基本面数据仍显疲弱，通胀或迎来年内最高点：5月经济金融数据前瞻　　中信证券研究 　　文丨诸建芳 刘博阳　　5月经济基本面料仍保持较弱水平，尽管地产和基建仍稳，但制造业将形成拖累，预期工业增加值和投资增速均难有显著改善，环比基本持平上月。受此影响，信贷需求偏弱，信贷和社融难有显著高增，社融增速预计为10.5%，环比略增0.1个百分点。物价方面，CPI在猪价持续上涨下或达年内高点，PPI则仍有望维持正增长。　　▍工业：高频数据涨跌互现，预计工业增加值增速继续维持低位。　　5月高炉开工率环比进一步上抬，基本均在70%左右运行，而根据Mysteel数据，粗钢产量增速亦保持较好水平，或与5月地产新开工和施工表现良好相关,宏观|基本面数据仍显疲弱，通胀或迎来年内最高点：5月经济金融数据前瞻　　中信证券研究 　　文丨诸建芳 刘博阳　　5月经济基本面料仍保持较弱水平，尽管地产和基建仍稳，但制造业将形成拖累，预期工业增加值和投资增速均难有显著改善，环比基本持平上月。受此影响，信贷需求偏弱，信贷和社融难有显著高增，社融增速预计为10.5%，环比略增0.1个百分点。物价方面，CPI在猪价持续上涨下或达年内高点，PPI则仍有望维持正增长。　　▍工业：高频数据涨跌互现，预计工业增加值增速继续维持低位。　　5月高炉开工率环比进一步上抬，基本均在70%左右运行，而根据Mysteel数据，粗钢产量增速亦保持较好水平，或与5月地产新开工和施工表现良好相关。但另一方面，六大电厂发电耗煤量同比增长-18.9%，显著回落（4月为-5.3%），尽管有去年同期高基数等因素，但整体表现依然不尽人意。综合我们对整体制造业投资和对出口的景气程度的判断，预计工业增加值5月增速仍将维持低位，预期为5.5%。　　▍投资：地产和基建仍有支撑，固定资产投资增速预计为6.2%。　　从高频数据观察，粗钢产量、新开工面积和施工增速、土拍热度等均保持较好水平，因此地产投资短期仍将维持较高水平（料5月仍有两位数增速），从而拉动整体固定资产投资维持近期增速；从基建来看，我们判断持续的环比修复仍将继续，但受限于资金端，环比改善幅度料将有限；从制造业来看，5月整体压力凸显，其中受经贸摩擦扰动显著，结合PMI等指标，我们判断其仍将保持低位运行，综合看预计固定资产投资增速较上月环比小幅改善0.1个百分点，或为6.2%。　　▍消费：五一小长假将带动消费增长环比显著回升。　　5月消费受到假期因素的影响预计将出现同比和环比的改善。主要因素有以下两点：1）“五一”小长假恢复使今年5月假期天数较去年同期有所增加，带动5月消费增长；2）“五一”假期后移至5月内促使消费同步后移，去年五一假期中2天在4月，而今年假期从5月才开始。同时预计汽车消费受到国五国六切换的影响持续拖累整体消费，但跌幅可能略微收窄。整体看预计5月社会消费品零售总额同比增速为8.9%。　　▍进出口：内外需求偏弱叠加加税升级拖累进出口增速。　　5月内外需求表现仍然偏弱，中国5月制造业PMI再次回落到荣枯线下至49.4%；而美国PMI持续回落，欧日目前也仍然都处于荣枯线下。预计需求偏弱叠加加税冲击使得5月出口金额增速将进一步回落至-5%，进口增速为-2%（美元计）。　　▍物价水平：CPI或涨至年内最高点，PPI仍将维持上涨。　　5月猪价环比继续上升，前期产能去化已经对价格有持续助推作用。另一方面，农业农村部数据显示5月鲜菜价格环比继续回落，但同样是基数原因或推升CPI鲜菜价格同比继续上涨。考虑到去年同期的低基数，食品价格将是推升通胀升至年内高点的最主要因素。非食品方面，4、5月经济基本面的疲弱将仍然制约非食品价格有明显回温。综合来看，我们认为5月CPI同比或涨至2.8%左右，为年内最高值。而工业品层面，我们认为5月PPI环比将较前值0.3%出现显著下降，同比增速或为0.4%左右。　　▍金融数据：预计M2持平前月，社融增速环比微增至10.5%。　　社融方面，我们预计社融增速较上月小幅回升0.1个百分点至10.5%，而当月新增或为1.18万亿，高于去年同期0.95万亿的水平。同时，5月整,6/8/19,8/20/19,6,whatever,6/8/19,6/8/19 16:55,6,共进股份,6-8
840,37648,600030.SH,中信证券,加快推进并购重组市场化进程 专家建议设立并购基金↵,6月2日，证监会主席易会满在接受媒体采访时表示，证监会将进一步优化并购重组制度，推进定向可转债并购等试点常态化，让更多符合国家发展战略、有利于强化自主创新实力和核心竞争力的“好资产”加快注入上市公司，推动“市场、科技、资本”高效融合。　　“预计，未来上市公司并购重组有望向进一步市场化方向推进。”中信证券研究所首席政策分析师杨帆接受《证券日报》记者采访时表示，未来并购重组的支付工具也有望更加多元化，例如，鼓励发展私募股权基金、定向可转债、并购基金等。　　杨帆认为，并购重组的后续行动或可参考2019年5月10日发布的《深圳证券交易所上市公司信息披露指引第3号—重大资产重组,6月2日，证监会主席易会满在接受媒体采访时表示，证监会将进一步优化并购重组制度，推进定向可转债并购等试点常态化，让更多符合国家发展战略、有利于强化自主创新实力和核心竞争力的“好资产”加快注入上市公司，推动“市场、科技、资本”高效融合。　　“预计，未来上市公司并购重组有望向进一步市场化方向推进。”中信证券研究所首席政策分析师杨帆接受《证券日报》记者采访时表示，未来并购重组的支付工具也有望更加多元化，例如，鼓励发展私募股权基金、定向可转债、并购基金等。　　杨帆认为，并购重组的后续行动或可参考2019年5月10日发布的《深圳证券交易所上市公司信息披露指引第3号—重大资产重组》：一方面要简政放权，如删减原重组停复牌相关规定、简化重组方案报送材料及披露要求、对中介机构核查要求给予适度弹性、优化重组“冷淡期”安排等；另一方面也要补齐规则短板，如完善内幕信息防控机制、细化并购重组委会议停复牌安排、强化重组实施的持续监管、明确终止筹划重组的审议程序和披露要求、增强重组监管约束机制等。　　今年以来，并购重组回暖明显，截至5月28日，2019年上市公司正在进行中的并购事项有1438件，而在2018年同期，这一数字则为536件，2017年同期这一数字则为573件。　　杨帆认为，并购重组回暖与监管层在深化并购重组市场化改革方面密集出台的多项政策措施有很大关系。例如：优化审核流程，提高审核效率。推出“小额快速”审核机制，针对不构成重大资产重组的小额并购交易，简化程序、快速审核，同时，优化“分道制”审核安排，将新一代信息技术等国家重点创新领域产业纳入“豁免/快速”通道产业类型等。　　“并购重组是上市公司开展资本运作和现代化经营的重要方式，也是培育行业龙头、促进企业做大做强的重要途径。”国信证券高级研究员张立超接受《证券日报》记者采访时表示，积极推进并购重组有助于整合上市公司、淘汰落后产能，提升企业经营管理的质量。　　张立超表示，未来，可以从三方面进一步支持上市公司以并购重组方式促进经济结构转型。　　一是支持企业以并购重组促产业升级。支持和引导企业通过整体上市、定向增发、资产收购等形式开展并购重组，对以促进行业整合、结构转型和产业升级为目标的并购重组推出快速审核通道，简化审批流程。推动中概股通过上市公司并购重组回归A股，在先进制造、信息技术、能源、基建、消费品、医疗、文化教育等领域释放“一带一路”沿线跨境并购新动能。　　二是加快设立并购基金。鼓励有条件的企业、投资机构和上市公司发起设立并购基金，探索政府引导资金参与并购基金的设立和运作，集聚社会资本；同时，将并购基金监管与上市公司监管结合起来，明确并购基金管理人责任，强化信息披露，完善诸如溢价出售股权、挂牌转让、资产证券化等并购基金投资人的退出渠道。　　三是充分发挥资本市场作用。鼓励符合条件的上市公司通过公开或定向增发、公司债券、企业债券、可转换债券、并购重组私募债券等方式开展并购重组，以发行优先股、定向发行可转换债券作为兼并重组支付方式；支持证券公司、资产管理公司、创业投资公司、股权投资基金、产业投资基金等机构参与上市公司,6/8/19,8/20/19,6,whatever,6/8/19,6/8/19 16:55,7,庄园牧场,6-8
841,37649,002736.SZ,国信证券,加快推进并购重组市场化进程 专家建议设立并购基金↵,6月2日，证监会主席易会满在接受媒体采访时表示，证监会将进一步优化并购重组制度，推进定向可转债并购等试点常态化，让更多符合国家发展战略、有利于强化自主创新实力和核心竞争力的“好资产”加快注入上市公司，推动“市场、科技、资本”高效融合。　　“预计，未来上市公司并购重组有望向进一步市场化方向推进。”中信证券研究所首席政策分析师杨帆接受《证券日报》记者采访时表示，未来并购重组的支付工具也有望更加多元化，例如，鼓励发展私募股权基金、定向可转债、并购基金等。　　杨帆认为，并购重组的后续行动或可参考2019年5月10日发布的《深圳证券交易所上市公司信息披露指引第3号—重大资产重组,6月2日，证监会主席易会满在接受媒体采访时表示，证监会将进一步优化并购重组制度，推进定向可转债并购等试点常态化，让更多符合国家发展战略、有利于强化自主创新实力和核心竞争力的“好资产”加快注入上市公司，推动“市场、科技、资本”高效融合。　　“预计，未来上市公司并购重组有望向进一步市场化方向推进。”中信证券研究所首席政策分析师杨帆接受《证券日报》记者采访时表示，未来并购重组的支付工具也有望更加多元化，例如，鼓励发展私募股权基金、定向可转债、并购基金等。　　杨帆认为，并购重组的后续行动或可参考2019年5月10日发布的《深圳证券交易所上市公司信息披露指引第3号—重大资产重组》：一方面要简政放权，如删减原重组停复牌相关规定、简化重组方案报送材料及披露要求、对中介机构核查要求给予适度弹性、优化重组“冷淡期”安排等；另一方面也要补齐规则短板，如完善内幕信息防控机制、细化并购重组委会议停复牌安排、强化重组实施的持续监管、明确终止筹划重组的审议程序和披露要求、增强重组监管约束机制等。　　今年以来，并购重组回暖明显，截至5月28日，2019年上市公司正在进行中的并购事项有1438件，而在2018年同期，这一数字则为536件，2017年同期这一数字则为573件。　　杨帆认为，并购重组回暖与监管层在深化并购重组市场化改革方面密集出台的多项政策措施有很大关系。例如：优化审核流程，提高审核效率。推出“小额快速”审核机制，针对不构成重大资产重组的小额并购交易，简化程序、快速审核，同时，优化“分道制”审核安排，将新一代信息技术等国家重点创新领域产业纳入“豁免/快速”通道产业类型等。　　“并购重组是上市公司开展资本运作和现代化经营的重要方式，也是培育行业龙头、促进企业做大做强的重要途径。”国信证券高级研究员张立超接受《证券日报》记者采访时表示，积极推进并购重组有助于整合上市公司、淘汰落后产能，提升企业经营管理的质量。　　张立超表示，未来，可以从三方面进一步支持上市公司以并购重组方式促进经济结构转型。　　一是支持企业以并购重组促产业升级。支持和引导企业通过整体上市、定向增发、资产收购等形式开展并购重组，对以促进行业整合、结构转型和产业升级为目标的并购重组推出快速审核通道，简化审批流程。推动中概股通过上市公司并购重组回归A股，在先进制造、信息技术、能源、基建、消费品、医疗、文化教育等领域释放“一带一路”沿线跨境并购新动能。　　二是加快设立并购基金。鼓励有条件的企业、投资机构和上市公司发起设立并购基金，探索政府引导资金参与并购基金的设立和运作，集聚社会资本；同时，将并购基金监管与上市公司监管结合起来，明确并购基金管理人责任，强化信息披露，完善诸如溢价出售股权、挂牌转让、资产证券化等并购基金投资人的退出渠道。　　三是充分发挥资本市场作用。鼓励符合条件的上市公司通过公开或定向增发、公司债券、企业债券、可转换债券、并购重组私募债券等方式开展并购重组，以发行优先股、定向发行可转换债券作为兼并重组支付方式；支持证券公司、资产管理公司、创业投资公司、股权投资基金、产业投资基金等机构参与上市公司,6/8/19,8/20/19,6,whatever,6/8/19,6/8/19 16:55,8,宏辉果蔬,6-8
842,37650,600837.SH,海通证券,海通证券姜超：债市依旧向好 利率有望下行↵,美债利率倒挂，国内债市向好——海通债券每周交流与思考第320期（姜超等）　　来源：姜超宏观债券研究　　美债利率倒挂，国内债市向好　　——海通债券每周交流与思考第320期（姜超等）　　摘 要　　上周债市短期震荡，国债利率平均下行3bp，AAA级、AA级企业债和城投债利率平均上行2、2、3bp，转债下跌0.76%。　　美债利率倒挂，经济趋势回落。　　上周10年期美债利率降至2.14%，创下21个月以来新低。目前10年期美债利率已经低于1个月、3个月和1年期美债利率，各个指标衡量的美债利率曲线已经完全倒挂。　　而从期货市场观察，美国降息预期在近期大幅升温，9月份美国降息的概率已经升至73.9%，而市场预期12月美联储将会启动第二次降息。　　工业继续减速，通胀预期下降。　　5月制造业PMI下降至49.4%的荣枯线之下，其中需求和生产指数双双放缓。从中观指标观察，5月地产销售增速下滑，乘用车零售降幅缩窄但批发降幅仍高，6大电厂发电耗煤增速降幅扩大至19%，均显示5月经济在继续减速。　　而从物价走势看，5月以来猪价涨幅回落，而国际油价、铜价，国内煤价大幅下跌，预示5月通胀预期显著回落，我们预计CPI有望在年中见顶，下半年通胀有望回落。　　包商托管冲击，央行维稳资金。　　5月24日，央行及银保监会联合发布公告称，鉴于包商银行股份有限公司出现严重信用风险，决定对包商银行实行为期一年的接管。　　为何出现信用风险？一是因为资产端质量欠佳，包商银行不良率和资本充足率均低于同业水平。二是同业负债占比过高，18年3季度同业负债占比44%，超过监管红线。　　包商银行托管引发了对中小银行信用风险的担心，我们统计有18家农商城商行尚未披露年报。另外同业负债占比超过35%的银行也值得关注。　　由于货基赎回压力、包商相关交易冻结的连锁反应、资金融出方更加谨慎等原因，短期冲击银行间流动性，上周AA以下评级同业存,美债利率倒挂，国内债市向好——海通债券每周交流与思考第320期（姜超等）　　来源：姜超宏观债券研究　　美债利率倒挂，国内债市向好　　——海通债券每周交流与思考第320期（姜超等）　　摘 要　　上周债市短期震荡，国债利率平均下行3bp，AAA级、AA级企业债和城投债利率平均上行2、2、3bp，转债下跌0.76%。　　美债利率倒挂，经济趋势回落。　　上周10年期美债利率降至2.14%，创下21个月以来新低。目前10年期美债利率已经低于1个月、3个月和1年期美债利率，各个指标衡量的美债利率曲线已经完全倒挂。　　而从期货市场观察，美国降息预期在近期大幅升温，9月份美国降息的概率已经升至73.9%，而市场预期12月美联储将会启动第二次降息。　　工业继续减速，通胀预期下降。　　5月制造业PMI下降至49.4%的荣枯线之下，其中需求和生产指数双双放缓。从中观指标观察，5月地产销售增速下滑，乘用车零售降幅缩窄但批发降幅仍高，6大电厂发电耗煤增速降幅扩大至19%，均显示5月经济在继续减速。　　而从物价走势看，5月以来猪价涨幅回落，而国际油价、铜价，国内煤价大幅下跌，预示5月通胀预期显著回落，我们预计CPI有望在年中见顶，下半年通胀有望回落。　　包商托管冲击，央行维稳资金。　　5月24日，央行及银保监会联合发布公告称，鉴于包商银行股份有限公司出现严重信用风险，决定对包商银行实行为期一年的接管。　　为何出现信用风险？一是因为资产端质量欠佳，包商银行不良率和资本充足率均低于同业水平。二是同业负债占比过高，18年3季度同业负债占比44%，超过监管红线。　　包商银行托管引发了对中小银行信用风险的担心，我们统计有18家农商城商行尚未披露年报。另外同业负债占比超过35%的银行也值得关注。　　由于货基赎回压力、包商相关交易冻结的连锁反应、资金融出方更加谨慎等原因，短期冲击银行间流动性，上周AA以下评级同业存单利率上行超20bp，中小商业银行同业存单发行难度加大，流动性压力短期上升。　　但包商银行的处置有明天系的特殊性，短期内类似事件密集爆发的概率不大。央行上周加大货币投放力度，而且在13年钱荒之后央行建立了slf制度，地方中小银行可以向地方央行举借资金，因而钱荒不会重演，上周流动性先紧后松。　　债市依旧向好，利率有望下行。　　展望未来，我们认为债市依旧向好，有三大因素支撑债市未来继续上涨：　　一是海外宽松预期升温。由于美国对墨西哥，引发美国股市大幅下跌，10年期美债利率大幅下降，目前10年期国债利差已经超过110bp。　　二是国内经济下滑。5月需求和生产指标再度下滑，而通胀预期也大幅下降，基本面支持债市继续上涨。　　三是打破刚性兑付，在长期将降低货币增速，有利于利率中枢下行。　　综合来看，我们认为虽然包商银行事件会在短期冲击市场流动性，但在央行利率走廊的维稳之下，债市不会重演13年钱荒事件。而在5月份2.6%左右的DR007均值之下，当前3.3%左右的10年期国债具有明显的配置价值。　　一、货币利率：利率波动仍大　　1）货币利率冲高回落。上周央行逆回购5300亿，逆回购到期1000亿，国库现金定存800亿，央行整周净回投放5100亿，货币利率冲高回落。具体而言，R007均值上行30BP至3.01%，R001均值下行13BP至2.49%。DR007均值上行9BP至2.74%，DR001均值下行15BP至2.42%。　　2）高质量经济发展匹配低货币增速。中国央行货政司司长孙国峰在金融街论坛年会上指出货币政策要为供给侧结构性改革和经济高质量发展营造适宜的货币金融环境。M2和社会融资规模增速与名义GDP增速相挂钩，为我们判断稳健货币政策是否松紧适度提供了一个衡量标准。稳健货币政策主要看货币条件是否与保持经济平稳增长，与物价稳定的要求相匹配，要保持宏观杠杆率的总体平稳，结构优化。过去很长一段时间，在相对较高的储蓄水平和以间接融资为主的融资结构下，住房货币化和金融深化，以及对出口和投资的依赖等因素影响，我国M2增速往往高于名义GDP的增速。近年来，随着我国经济从高速增长转向高质量发展，住房货币化、储蓄结构、融资结构等结构性因素也在发生变化。相对慢一点的货币增速，可以满足经济运行保持在合理区间的需要。面对内外部挑战，央行货币政策应对空间充足，货币政策工具箱丰富。人民银行将继续实施好稳健的货币政策，根据经济增长和价格形势变化及时预调微调，保持流动性合理充裕。 　　3）利率波动加大。受包商银行被托管事件扰动，市场流动性趋紧，但央行加大资金投放，改变资金面预期，流动性重回宽裕状态。展望6月，虽为传统财政存款投放窗口，但将有6630亿MLF到期，5300亿逆回购到期，主要集中在6月第一周，月末还会面临银行半年末资金考核压力。近期国库现金定存操作利率上行，同业存单发行难度加大，预示银行负债压力上升，资金波动加大，6月资金面可能呈现紧-松-紧的节奏。　　二、利率债：债牛行情延续　　1）债市进入震荡。上周1年期国债收2.68%，较前一周下行1BP；10年期国债收于3.28%，较前一周下行4BP。1年期国开债收于2.87%，较前一周上行5BP；10年期国开债收于3.70%，较前一周上行1BP。　　2）供给增加，需求较强。上周记账式国债发行471亿元，到期100亿元；政策性金融债发行807亿元，到期0亿元；地方政府债发行1271亿元，到期523亿元。上周利率债净供给为1927亿元，环比增加296亿元，信用债发行1133亿元，到期1140亿元，净供给-7亿元。　　3）经济下行压力未消。5月制造业PMI继续回落且跌至线下，制造业景气偏弱。中观数据看供需两端偏弱态势延续：一方面，终端需求继续走弱，地产销量增速、乘用车批发增速均现下滑；另一方面，工业生产依然偏紧，发电耗煤跌幅扩大，而汽车、钢铁以及江浙织机开工率均处同期低位。供需两端偏弱，叠加摩擦冲击，经济下行压力未消。　　4）内外形势均有利债市。城商行和农商行总负债增速显著高于GDP名义增速，是金融供给侧改革方向之一。若包商银行被托管引发打破金融刚兑潮，那么金融债等级间利差有望扩大，利于长期无风险利率下行。近期美国长债收益率下行，曲线倒挂，预示美国经济将步入衰退，倒逼美联储货币政策再度放松，国内货币宽松的外部压力减轻。而利差走扩，也为国内债市收益率下行打开空间。国内经济、通胀、资金面均对债市形成支撑，而海外摩擦加剧，避险情绪推动，债市收益率曲线有望走向牛平。　　三、信用债：打破刚兑加速　　1）信用债收益率上行。上周信用债收益率以上行为主，信用利差主动扩大。AAA级企业债收益率平均上行1BP，AA级企业债收益率平均上行2BP，城投债收益率均上行3BP。　　2）高风险金融机构处置力度加强。包商银行事件或意味着未来监管或将加强对高风险金融机构的处置力度，金融机构会有“正常的淘汰”，当金融机构达到某些标准（如资不抵债、无法持续经营等）时就会触发处置机制，或以重组或机构间兼并收购为主，以降低市场冲击。资产质量较差、依赖同业负债扩张、股东支持能力弱的中小银行或是重灾区。　　3）打破刚兑加速。2014年超日债违约打破了产业债刚兑，但国企、城投、金融等领域信用债的刚兑预期仍强，而包商银行同业存单和金融债部分受偿，意味着金融刚兑正式打破。产业债打破刚兑后产业债等级间利差趋势性走高，若金融领域打破刚兑，金融债等级间利差同样有望扩大，从而打开高等级信用债收益率的下行空间。　　四、可转债：转债估值压缩　　1）转债指数继续下跌。上周中证转债指数下跌0.76%，日均成交量（包含EB）50.9亿元，环比下降7%。我们计算的转债全样本指数（包含公募EB）下跌了0.57%；同期沪深300指数上涨1%、创业板指上涨2.76%、上证50上涨1%。个券53涨124跌，正股128涨4平45跌。涨幅前5位分别是金农转债（24.67%）、冰轮转债（6.7%）、天康转债（6.52%）、天马转债（4.61%）、特发转债（4.36%）。　　2）新券发行重启。上周转债发行重启，和而泰和三星新材两只转债发行。审批方面进度也有所加快，安图生物（6.83亿元）转债收到批文，英科医疗（4.7亿元）转债过会，北京文化（20亿元）、新莱应材（2.8亿元）等10只转债获受理，索菲亚（10亿元）终止了转债发行。此外，上周滨化股份（24亿元）、天赐材料（11.4亿元）、东方财富（73亿元）等9家公司公布了转债预案。　　3）转债估值压缩。上周权益市场震荡反弹，主要股指均小幅收涨。但转债全周收跌，其中估值大幅压缩导致转债与权益市场走势相反。从板块来看，这一现象集中体现在银行转债上。由于包商银行事件的影响，上周银行转债大幅下跌，尤其是张行、江银等城商行转债，跌幅远,6/8/19,8/20/19,6,whatever,6/8/19,6/8/19 16:55,9,蓝英装备,6-8
848,37656,000802.SZ,北京文化,海通证券姜超：债市依旧向好 利率有望下行↵,美债利率倒挂，国内债市向好——海通债券每周交流与思考第320期（姜超等）　　来源：姜超宏观债券研究　　美债利率倒挂，国内债市向好　　——海通债券每周交流与思考第320期（姜超等）　　摘 要　　上周债市短期震荡，国债利率平均下行3bp，AAA级、AA级企业债和城投债利率平均上行2、2、3bp，转债下跌0.76%。　　美债利率倒挂，经济趋势回落。　　上周10年期美债利率降至2.14%，创下21个月以来新低。目前10年期美债利率已经低于1个月、3个月和1年期美债利率，各个指标衡量的美债利率曲线已经完全倒挂。　　而从期货市场观察，美国降息预期在近期大幅升温，9月份美国降息的概率已经升至73.9%，而市场预期12月美联储将会启动第二次降息。　　工业继续减速，通胀预期下降。　　5月制造业PMI下降至49.4%的荣枯线之下，其中需求和生产指数双双放缓。从中观指标观察，5月地产销售增速下滑，乘用车零售降幅缩窄但批发降幅仍高，6大电厂发电耗煤增速降幅扩大至19%，均显示5月经济在继续减速。　　而从物价走势看，5月以来猪价涨幅回落，而国际油价、铜价，国内煤价大幅下跌，预示5月通胀预期显著回落，我们预计CPI有望在年中见顶，下半年通胀有望回落。　　包商托管冲击，央行维稳资金。　　5月24日，央行及银保监会联合发布公告称，鉴于包商银行股份有限公司出现严重信用风险，决定对包商银行实行为期一年的接管。　　为何出现信用风险？一是因为资产端质量欠佳，包商银行不良率和资本充足率均低于同业水平。二是同业负债占比过高，18年3季度同业负债占比44%，超过监管红线。　　包商银行托管引发了对中小银行信用风险的担心，我们统计有18家农商城商行尚未披露年报。另外同业负债占比超过35%的银行也值得关注。　　由于货基赎回压力、包商相关交易冻结的连锁反应、资金融出方更加谨慎等原因，短期冲击银行间流动性，上周AA以下评级同业存,美债利率倒挂，国内债市向好——海通债券每周交流与思考第320期（姜超等）　　来源：姜超宏观债券研究　　美债利率倒挂，国内债市向好　　——海通债券每周交流与思考第320期（姜超等）　　摘 要　　上周债市短期震荡，国债利率平均下行3bp，AAA级、AA级企业债和城投债利率平均上行2、2、3bp，转债下跌0.76%。　　美债利率倒挂，经济趋势回落。　　上周10年期美债利率降至2.14%，创下21个月以来新低。目前10年期美债利率已经低于1个月、3个月和1年期美债利率，各个指标衡量的美债利率曲线已经完全倒挂。　　而从期货市场观察，美国降息预期在近期大幅升温，9月份美国降息的概率已经升至73.9%，而市场预期12月美联储将会启动第二次降息。　　工业继续减速，通胀预期下降。　　5月制造业PMI下降至49.4%的荣枯线之下，其中需求和生产指数双双放缓。从中观指标观察，5月地产销售增速下滑，乘用车零售降幅缩窄但批发降幅仍高，6大电厂发电耗煤增速降幅扩大至19%，均显示5月经济在继续减速。　　而从物价走势看，5月以来猪价涨幅回落，而国际油价、铜价，国内煤价大幅下跌，预示5月通胀预期显著回落，我们预计CPI有望在年中见顶，下半年通胀有望回落。　　包商托管冲击，央行维稳资金。　　5月24日，央行及银保监会联合发布公告称，鉴于包商银行股份有限公司出现严重信用风险，决定对包商银行实行为期一年的接管。　　为何出现信用风险？一是因为资产端质量欠佳，包商银行不良率和资本充足率均低于同业水平。二是同业负债占比过高，18年3季度同业负债占比44%，超过监管红线。　　包商银行托管引发了对中小银行信用风险的担心，我们统计有18家农商城商行尚未披露年报。另外同业负债占比超过35%的银行也值得关注。　　由于货基赎回压力、包商相关交易冻结的连锁反应、资金融出方更加谨慎等原因，短期冲击银行间流动性，上周AA以下评级同业存单利率上行超20bp，中小商业银行同业存单发行难度加大，流动性压力短期上升。　　但包商银行的处置有明天系的特殊性，短期内类似事件密集爆发的概率不大。央行上周加大货币投放力度，而且在13年钱荒之后央行建立了slf制度，地方中小银行可以向地方央行举借资金，因而钱荒不会重演，上周流动性先紧后松。　　债市依旧向好，利率有望下行。　　展望未来，我们认为债市依旧向好，有三大因素支撑债市未来继续上涨：　　一是海外宽松预期升温。由于美国对墨西哥，引发美国股市大幅下跌，10年期美债利率大幅下降，目前10年期国债利差已经超过110bp。　　二是国内经济下滑。5月需求和生产指标再度下滑，而通胀预期也大幅下降，基本面支持债市继续上涨。　　三是打破刚性兑付，在长期将降低货币增速，有利于利率中枢下行。　　综合来看，我们认为虽然包商银行事件会在短期冲击市场流动性，但在央行利率走廊的维稳之下，债市不会重演13年钱荒事件。而在5月份2.6%左右的DR007均值之下，当前3.3%左右的10年期国债具有明显的配置价值。　　一、货币利率：利率波动仍大　　1）货币利率冲高回落。上周央行逆回购5300亿，逆回购到期1000亿，国库现金定存800亿，央行整周净回投放5100亿，货币利率冲高回落。具体而言，R007均值上行30BP至3.01%，R001均值下行13BP至2.49%。DR007均值上行9BP至2.74%，DR001均值下行15BP至2.42%。　　2）高质量经济发展匹配低货币增速。中国央行货政司司长孙国峰在金融街论坛年会上指出货币政策要为供给侧结构性改革和经济高质量发展营造适宜的货币金融环境。M2和社会融资规模增速与名义GDP增速相挂钩，为我们判断稳健货币政策是否松紧适度提供了一个衡量标准。稳健货币政策主要看货币条件是否与保持经济平稳增长，与物价稳定的要求相匹配，要保持宏观杠杆率的总体平稳，结构优化。过去很长一段时间，在相对较高的储蓄水平和以间接融资为主的融资结构下，住房货币化和金融深化，以及对出口和投资的依赖等因素影响，我国M2增速往往高于名义GDP的增速。近年来，随着我国经济从高速增长转向高质量发展，住房货币化、储蓄结构、融资结构等结构性因素也在发生变化。相对慢一点的货币增速，可以满足经济运行保持在合理区间的需要。面对内外部挑战，央行货币政策应对空间充足，货币政策工具箱丰富。人民银行将继续实施好稳健的货币政策，根据经济增长和价格形势变化及时预调微调，保持流动性合理充裕。 　　3）利率波动加大。受包商银行被托管事件扰动，市场流动性趋紧，但央行加大资金投放，改变资金面预期，流动性重回宽裕状态。展望6月，虽为传统财政存款投放窗口，但将有6630亿MLF到期，5300亿逆回购到期，主要集中在6月第一周，月末还会面临银行半年末资金考核压力。近期国库现金定存操作利率上行，同业存单发行难度加大，预示银行负债压力上升，资金波动加大，6月资金面可能呈现紧-松-紧的节奏。　　二、利率债：债牛行情延续　　1）债市进入震荡。上周1年期国债收2.68%，较前一周下行1BP；10年期国债收于3.28%，较前一周下行4BP。1年期国开债收于2.87%，较前一周上行5BP；10年期国开债收于3.70%，较前一周上行1BP。　　2）供给增加，需求较强。上周记账式国债发行471亿元，到期100亿元；政策性金融债发行807亿元，到期0亿元；地方政府债发行1271亿元，到期523亿元。上周利率债净供给为1927亿元，环比增加296亿元，信用债发行1133亿元，到期1140亿元，净供给-7亿元。　　3）经济下行压力未消。5月制造业PMI继续回落且跌至线下，制造业景气偏弱。中观数据看供需两端偏弱态势延续：一方面，终端需求继续走弱，地产销量增速、乘用车批发增速均现下滑；另一方面，工业生产依然偏紧，发电耗煤跌幅扩大，而汽车、钢铁以及江浙织机开工率均处同期低位。供需两端偏弱，叠加摩擦冲击，经济下行压力未消。　　4）内外形势均有利债市。城商行和农商行总负债增速显著高于GDP名义增速，是金融供给侧改革方向之一。若包商银行被托管引发打破金融刚兑潮，那么金融债等级间利差有望扩大，利于长期无风险利率下行。近期美国长债收益率下行，曲线倒挂，预示美国经济将步入衰退，倒逼美联储货币政策再度放松，国内货币宽松的外部压力减轻。而利差走扩，也为国内债市收益率下行打开空间。国内经济、通胀、资金面均对债市形成支撑，而海外摩擦加剧，避险情绪推动，债市收益率曲线有望走向牛平。　　三、信用债：打破刚兑加速　　1）信用债收益率上行。上周信用债收益率以上行为主，信用利差主动扩大。AAA级企业债收益率平均上行1BP，AA级企业债收益率平均上行2BP，城投债收益率均上行3BP。　　2）高风险金融机构处置力度加强。包商银行事件或意味着未来监管或将加强对高风险金融机构的处置力度，金融机构会有“正常的淘汰”，当金融机构达到某些标准（如资不抵债、无法持续经营等）时就会触发处置机制，或以重组或机构间兼并收购为主，以降低市场冲击。资产质量较差、依赖同业负债扩张、股东支持能力弱的中小银行或是重灾区。　　3）打破刚兑加速。2014年超日债违约打破了产业债刚兑，但国企、城投、金融等领域信用债的刚兑预期仍强，而包商银行同业存单和金融债部分受偿，意味着金融刚兑正式打破。产业债打破刚兑后产业债等级间利差趋势性走高，若金融领域打破刚兑，金融债等级间利差同样有望扩大，从而打开高等级信用债收益率的下行空间。　　四、可转债：转债估值压缩　　1）转债指数继续下跌。上周中证转债指数下跌0.76%，日均成交量（包含EB）50.9亿元，环比下降7%。我们计算的转债全样本指数（包含公募EB）下跌了0.57%；同期沪深300指数上涨1%、创业板指上涨2.76%、上证50上涨1%。个券53涨124跌，正股128涨4平45跌。涨幅前5位分别是金农转债（24.67%）、冰轮转债（6.7%）、天康转债（6.52%）、天马转债（4.61%）、特发转债（4.36%）。　　2）新券发行重启。上周转债发行重启，和而泰和三星新材两只转债发行。审批方面进度也有所加快，安图生物（6.83亿元）转债收到批文，英科医疗（4.7亿元）转债过会，北京文化（20亿元）、新莱应材（2.8亿元）等10只转债获受理，索菲亚（10亿元）终止了转债发行。此外，上周滨化股份（24亿元）、天赐材料（11.4亿元）、东方财富（73亿元）等9家公司公布了转债预案。　　3）转债估值压缩。上周权益市场震荡反弹，主要股指均小幅收涨。但转债全周收跌，其中估值大幅压缩导致转债与权益市场走势相反。从板块来看，这一现象集中体现在银行转债上。由于包商银行事件的影响，上周银行转债大幅下跌，尤其是张行、江银等城商行转债，跌幅远,6/8/19,8/20/19,6,whatever,6/8/19,6/8/19 16:55,159,新国都,6-8
849,37657,300260.SZ,新莱应材,海通证券姜超：债市依旧向好 利率有望下行↵,美债利率倒挂，国内债市向好——海通债券每周交流与思考第320期（姜超等）　　来源：姜超宏观债券研究　　美债利率倒挂，国内债市向好　　——海通债券每周交流与思考第320期（姜超等）　　摘 要　　上周债市短期震荡，国债利率平均下行3bp，AAA级、AA级企业债和城投债利率平均上行2、2、3bp，转债下跌0.76%。　　美债利率倒挂，经济趋势回落。　　上周10年期美债利率降至2.14%，创下21个月以来新低。目前10年期美债利率已经低于1个月、3个月和1年期美债利率，各个指标衡量的美债利率曲线已经完全倒挂。　　而从期货市场观察，美国降息预期在近期大幅升温，9月份美国降息的概率已经升至73.9%，而市场预期12月美联储将会启动第二次降息。　　工业继续减速，通胀预期下降。　　5月制造业PMI下降至49.4%的荣枯线之下，其中需求和生产指数双双放缓。从中观指标观察，5月地产销售增速下滑，乘用车零售降幅缩窄但批发降幅仍高，6大电厂发电耗煤增速降幅扩大至19%，均显示5月经济在继续减速。　　而从物价走势看，5月以来猪价涨幅回落，而国际油价、铜价，国内煤价大幅下跌，预示5月通胀预期显著回落，我们预计CPI有望在年中见顶，下半年通胀有望回落。　　包商托管冲击，央行维稳资金。　　5月24日，央行及银保监会联合发布公告称，鉴于包商银行股份有限公司出现严重信用风险，决定对包商银行实行为期一年的接管。　　为何出现信用风险？一是因为资产端质量欠佳，包商银行不良率和资本充足率均低于同业水平。二是同业负债占比过高，18年3季度同业负债占比44%，超过监管红线。　　包商银行托管引发了对中小银行信用风险的担心，我们统计有18家农商城商行尚未披露年报。另外同业负债占比超过35%的银行也值得关注。　　由于货基赎回压力、包商相关交易冻结的连锁反应、资金融出方更加谨慎等原因，短期冲击银行间流动性，上周AA以下评级同业存,美债利率倒挂，国内债市向好——海通债券每周交流与思考第320期（姜超等）　　来源：姜超宏观债券研究　　美债利率倒挂，国内债市向好　　——海通债券每周交流与思考第320期（姜超等）　　摘 要　　上周债市短期震荡，国债利率平均下行3bp，AAA级、AA级企业债和城投债利率平均上行2、2、3bp，转债下跌0.76%。　　美债利率倒挂，经济趋势回落。　　上周10年期美债利率降至2.14%，创下21个月以来新低。目前10年期美债利率已经低于1个月、3个月和1年期美债利率，各个指标衡量的美债利率曲线已经完全倒挂。　　而从期货市场观察，美国降息预期在近期大幅升温，9月份美国降息的概率已经升至73.9%，而市场预期12月美联储将会启动第二次降息。　　工业继续减速，通胀预期下降。　　5月制造业PMI下降至49.4%的荣枯线之下，其中需求和生产指数双双放缓。从中观指标观察，5月地产销售增速下滑，乘用车零售降幅缩窄但批发降幅仍高，6大电厂发电耗煤增速降幅扩大至19%，均显示5月经济在继续减速。　　而从物价走势看，5月以来猪价涨幅回落，而国际油价、铜价，国内煤价大幅下跌，预示5月通胀预期显著回落，我们预计CPI有望在年中见顶，下半年通胀有望回落。　　包商托管冲击，央行维稳资金。　　5月24日，央行及银保监会联合发布公告称，鉴于包商银行股份有限公司出现严重信用风险，决定对包商银行实行为期一年的接管。　　为何出现信用风险？一是因为资产端质量欠佳，包商银行不良率和资本充足率均低于同业水平。二是同业负债占比过高，18年3季度同业负债占比44%，超过监管红线。　　包商银行托管引发了对中小银行信用风险的担心，我们统计有18家农商城商行尚未披露年报。另外同业负债占比超过35%的银行也值得关注。　　由于货基赎回压力、包商相关交易冻结的连锁反应、资金融出方更加谨慎等原因，短期冲击银行间流动性，上周AA以下评级同业存单利率上行超20bp，中小商业银行同业存单发行难度加大，流动性压力短期上升。　　但包商银行的处置有明天系的特殊性，短期内类似事件密集爆发的概率不大。央行上周加大货币投放力度，而且在13年钱荒之后央行建立了slf制度，地方中小银行可以向地方央行举借资金，因而钱荒不会重演，上周流动性先紧后松。　　债市依旧向好，利率有望下行。　　展望未来，我们认为债市依旧向好，有三大因素支撑债市未来继续上涨：　　一是海外宽松预期升温。由于美国对墨西哥，引发美国股市大幅下跌，10年期美债利率大幅下降，目前10年期国债利差已经超过110bp。　　二是国内经济下滑。5月需求和生产指标再度下滑，而通胀预期也大幅下降，基本面支持债市继续上涨。　　三是打破刚性兑付，在长期将降低货币增速，有利于利率中枢下行。　　综合来看，我们认为虽然包商银行事件会在短期冲击市场流动性，但在央行利率走廊的维稳之下，债市不会重演13年钱荒事件。而在5月份2.6%左右的DR007均值之下，当前3.3%左右的10年期国债具有明显的配置价值。　　一、货币利率：利率波动仍大　　1）货币利率冲高回落。上周央行逆回购5300亿，逆回购到期1000亿，国库现金定存800亿，央行整周净回投放5100亿，货币利率冲高回落。具体而言，R007均值上行30BP至3.01%，R001均值下行13BP至2.49%。DR007均值上行9BP至2.74%，DR001均值下行15BP至2.42%。　　2）高质量经济发展匹配低货币增速。中国央行货政司司长孙国峰在金融街论坛年会上指出货币政策要为供给侧结构性改革和经济高质量发展营造适宜的货币金融环境。M2和社会融资规模增速与名义GDP增速相挂钩，为我们判断稳健货币政策是否松紧适度提供了一个衡量标准。稳健货币政策主要看货币条件是否与保持经济平稳增长，与物价稳定的要求相匹配，要保持宏观杠杆率的总体平稳，结构优化。过去很长一段时间，在相对较高的储蓄水平和以间接融资为主的融资结构下，住房货币化和金融深化，以及对出口和投资的依赖等因素影响，我国M2增速往往高于名义GDP的增速。近年来，随着我国经济从高速增长转向高质量发展，住房货币化、储蓄结构、融资结构等结构性因素也在发生变化。相对慢一点的货币增速，可以满足经济运行保持在合理区间的需要。面对内外部挑战，央行货币政策应对空间充足，货币政策工具箱丰富。人民银行将继续实施好稳健的货币政策，根据经济增长和价格形势变化及时预调微调，保持流动性合理充裕。 　　3）利率波动加大。受包商银行被托管事件扰动，市场流动性趋紧，但央行加大资金投放，改变资金面预期，流动性重回宽裕状态。展望6月，虽为传统财政存款投放窗口，但将有6630亿MLF到期，5300亿逆回购到期，主要集中在6月第一周，月末还会面临银行半年末资金考核压力。近期国库现金定存操作利率上行，同业存单发行难度加大，预示银行负债压力上升，资金波动加大，6月资金面可能呈现紧-松-紧的节奏。　　二、利率债：债牛行情延续　　1）债市进入震荡。上周1年期国债收2.68%，较前一周下行1BP；10年期国债收于3.28%，较前一周下行4BP。1年期国开债收于2.87%，较前一周上行5BP；10年期国开债收于3.70%，较前一周上行1BP。　　2）供给增加，需求较强。上周记账式国债发行471亿元，到期100亿元；政策性金融债发行807亿元，到期0亿元；地方政府债发行1271亿元，到期523亿元。上周利率债净供给为1927亿元，环比增加296亿元，信用债发行1133亿元，到期1140亿元，净供给-7亿元。　　3）经济下行压力未消。5月制造业PMI继续回落且跌至线下，制造业景气偏弱。中观数据看供需两端偏弱态势延续：一方面，终端需求继续走弱，地产销量增速、乘用车批发增速均现下滑；另一方面，工业生产依然偏紧，发电耗煤跌幅扩大，而汽车、钢铁以及江浙织机开工率均处同期低位。供需两端偏弱，叠加摩擦冲击，经济下行压力未消。　　4）内外形势均有利债市。城商行和农商行总负债增速显著高于GDP名义增速，是金融供给侧改革方向之一。若包商银行被托管引发打破金融刚兑潮，那么金融债等级间利差有望扩大，利于长期无风险利率下行。近期美国长债收益率下行，曲线倒挂，预示美国经济将步入衰退，倒逼美联储货币政策再度放松，国内货币宽松的外部压力减轻。而利差走扩，也为国内债市收益率下行打开空间。国内经济、通胀、资金面均对债市形成支撑，而海外摩擦加剧，避险情绪推动，债市收益率曲线有望走向牛平。　　三、信用债：打破刚兑加速　　1）信用债收益率上行。上周信用债收益率以上行为主，信用利差主动扩大。AAA级企业债收益率平均上行1BP，AA级企业债收益率平均上行2BP，城投债收益率均上行3BP。　　2）高风险金融机构处置力度加强。包商银行事件或意味着未来监管或将加强对高风险金融机构的处置力度，金融机构会有“正常的淘汰”，当金融机构达到某些标准（如资不抵债、无法持续经营等）时就会触发处置机制，或以重组或机构间兼并收购为主，以降低市场冲击。资产质量较差、依赖同业负债扩张、股东支持能力弱的中小银行或是重灾区。　　3）打破刚兑加速。2014年超日债违约打破了产业债刚兑，但国企、城投、金融等领域信用债的刚兑预期仍强，而包商银行同业存单和金融债部分受偿，意味着金融刚兑正式打破。产业债打破刚兑后产业债等级间利差趋势性走高，若金融领域打破刚兑，金融债等级间利差同样有望扩大，从而打开高等级信用债收益率的下行空间。　　四、可转债：转债估值压缩　　1）转债指数继续下跌。上周中证转债指数下跌0.76%，日均成交量（包含EB）50.9亿元，环比下降7%。我们计算的转债全样本指数（包含公募EB）下跌了0.57%；同期沪深300指数上涨1%、创业板指上涨2.76%、上证50上涨1%。个券53涨124跌，正股128涨4平45跌。涨幅前5位分别是金农转债（24.67%）、冰轮转债（6.7%）、天康转债（6.52%）、天马转债（4.61%）、特发转债（4.36%）。　　2）新券发行重启。上周转债发行重启，和而泰和三星新材两只转债发行。审批方面进度也有所加快，安图生物（6.83亿元）转债收到批文，英科医疗（4.7亿元）转债过会，北京文化（20亿元）、新莱应材（2.8亿元）等10只转债获受理，索菲亚（10亿元）终止了转债发行。此外，上周滨化股份（24亿元）、天赐材料（11.4亿元）、东方财富（73亿元）等9家公司公布了转债预案。　　3）转债估值压缩。上周权益市场震荡反弹，主要股指均小幅收涨。但转债全周收跌，其中估值大幅压缩导致转债与权益市场走势相反。从板块来看，这一现象集中体现在银行转债上。由于包商银行事件的影响，上周银行转债大幅下跌，尤其是张行、江银等城商行转债，跌幅远,6/8/19,8/20/19,6,whatever,6/8/19,6/8/19 16:55,160,博迈科,6-8
850,37658,002572.SZ,索菲亚,海通证券姜超：债市依旧向好 利率有望下行↵,美债利率倒挂，国内债市向好——海通债券每周交流与思考第320期（姜超等）　　来源：姜超宏观债券研究　　美债利率倒挂，国内债市向好　　——海通债券每周交流与思考第320期（姜超等）　　摘 要　　上周债市短期震荡，国债利率平均下行3bp，AAA级、AA级企业债和城投债利率平均上行2、2、3bp，转债下跌0.76%。　　美债利率倒挂，经济趋势回落。　　上周10年期美债利率降至2.14%，创下21个月以来新低。目前10年期美债利率已经低于1个月、3个月和1年期美债利率，各个指标衡量的美债利率曲线已经完全倒挂。　　而从期货市场观察，美国降息预期在近期大幅升温，9月份美国降息的概率已经升至73.9%，而市场预期12月美联储将会启动第二次降息。　　工业继续减速，通胀预期下降。　　5月制造业PMI下降至49.4%的荣枯线之下，其中需求和生产指数双双放缓。从中观指标观察，5月地产销售增速下滑，乘用车零售降幅缩窄但批发降幅仍高，6大电厂发电耗煤增速降幅扩大至19%，均显示5月经济在继续减速。　　而从物价走势看，5月以来猪价涨幅回落，而国际油价、铜价，国内煤价大幅下跌，预示5月通胀预期显著回落，我们预计CPI有望在年中见顶，下半年通胀有望回落。　　包商托管冲击，央行维稳资金。　　5月24日，央行及银保监会联合发布公告称，鉴于包商银行股份有限公司出现严重信用风险，决定对包商银行实行为期一年的接管。　　为何出现信用风险？一是因为资产端质量欠佳，包商银行不良率和资本充足率均低于同业水平。二是同业负债占比过高，18年3季度同业负债占比44%，超过监管红线。　　包商银行托管引发了对中小银行信用风险的担心，我们统计有18家农商城商行尚未披露年报。另外同业负债占比超过35%的银行也值得关注。　　由于货基赎回压力、包商相关交易冻结的连锁反应、资金融出方更加谨慎等原因，短期冲击银行间流动性，上周AA以下评级同业存,美债利率倒挂，国内债市向好——海通债券每周交流与思考第320期（姜超等）　　来源：姜超宏观债券研究　　美债利率倒挂，国内债市向好　　——海通债券每周交流与思考第320期（姜超等）　　摘 要　　上周债市短期震荡，国债利率平均下行3bp，AAA级、AA级企业债和城投债利率平均上行2、2、3bp，转债下跌0.76%。　　美债利率倒挂，经济趋势回落。　　上周10年期美债利率降至2.14%，创下21个月以来新低。目前10年期美债利率已经低于1个月、3个月和1年期美债利率，各个指标衡量的美债利率曲线已经完全倒挂。　　而从期货市场观察，美国降息预期在近期大幅升温，9月份美国降息的概率已经升至73.9%，而市场预期12月美联储将会启动第二次降息。　　工业继续减速，通胀预期下降。　　5月制造业PMI下降至49.4%的荣枯线之下，其中需求和生产指数双双放缓。从中观指标观察，5月地产销售增速下滑，乘用车零售降幅缩窄但批发降幅仍高，6大电厂发电耗煤增速降幅扩大至19%，均显示5月经济在继续减速。　　而从物价走势看，5月以来猪价涨幅回落，而国际油价、铜价，国内煤价大幅下跌，预示5月通胀预期显著回落，我们预计CPI有望在年中见顶，下半年通胀有望回落。　　包商托管冲击，央行维稳资金。　　5月24日，央行及银保监会联合发布公告称，鉴于包商银行股份有限公司出现严重信用风险，决定对包商银行实行为期一年的接管。　　为何出现信用风险？一是因为资产端质量欠佳，包商银行不良率和资本充足率均低于同业水平。二是同业负债占比过高，18年3季度同业负债占比44%，超过监管红线。　　包商银行托管引发了对中小银行信用风险的担心，我们统计有18家农商城商行尚未披露年报。另外同业负债占比超过35%的银行也值得关注。　　由于货基赎回压力、包商相关交易冻结的连锁反应、资金融出方更加谨慎等原因，短期冲击银行间流动性，上周AA以下评级同业存单利率上行超20bp，中小商业银行同业存单发行难度加大，流动性压力短期上升。　　但包商银行的处置有明天系的特殊性，短期内类似事件密集爆发的概率不大。央行上周加大货币投放力度，而且在13年钱荒之后央行建立了slf制度，地方中小银行可以向地方央行举借资金，因而钱荒不会重演，上周流动性先紧后松。　　债市依旧向好，利率有望下行。　　展望未来，我们认为债市依旧向好，有三大因素支撑债市未来继续上涨：　　一是海外宽松预期升温。由于美国对墨西哥，引发美国股市大幅下跌，10年期美债利率大幅下降，目前10年期国债利差已经超过110bp。　　二是国内经济下滑。5月需求和生产指标再度下滑，而通胀预期也大幅下降，基本面支持债市继续上涨。　　三是打破刚性兑付，在长期将降低货币增速，有利于利率中枢下行。　　综合来看，我们认为虽然包商银行事件会在短期冲击市场流动性，但在央行利率走廊的维稳之下，债市不会重演13年钱荒事件。而在5月份2.6%左右的DR007均值之下，当前3.3%左右的10年期国债具有明显的配置价值。　　一、货币利率：利率波动仍大　　1）货币利率冲高回落。上周央行逆回购5300亿，逆回购到期1000亿，国库现金定存800亿，央行整周净回投放5100亿，货币利率冲高回落。具体而言，R007均值上行30BP至3.01%，R001均值下行13BP至2.49%。DR007均值上行9BP至2.74%，DR001均值下行15BP至2.42%。　　2）高质量经济发展匹配低货币增速。中国央行货政司司长孙国峰在金融街论坛年会上指出货币政策要为供给侧结构性改革和经济高质量发展营造适宜的货币金融环境。M2和社会融资规模增速与名义GDP增速相挂钩，为我们判断稳健货币政策是否松紧适度提供了一个衡量标准。稳健货币政策主要看货币条件是否与保持经济平稳增长，与物价稳定的要求相匹配，要保持宏观杠杆率的总体平稳，结构优化。过去很长一段时间，在相对较高的储蓄水平和以间接融资为主的融资结构下，住房货币化和金融深化，以及对出口和投资的依赖等因素影响，我国M2增速往往高于名义GDP的增速。近年来，随着我国经济从高速增长转向高质量发展，住房货币化、储蓄结构、融资结构等结构性因素也在发生变化。相对慢一点的货币增速，可以满足经济运行保持在合理区间的需要。面对内外部挑战，央行货币政策应对空间充足，货币政策工具箱丰富。人民银行将继续实施好稳健的货币政策，根据经济增长和价格形势变化及时预调微调，保持流动性合理充裕。 　　3）利率波动加大。受包商银行被托管事件扰动，市场流动性趋紧，但央行加大资金投放，改变资金面预期，流动性重回宽裕状态。展望6月，虽为传统财政存款投放窗口，但将有6630亿MLF到期，5300亿逆回购到期，主要集中在6月第一周，月末还会面临银行半年末资金考核压力。近期国库现金定存操作利率上行，同业存单发行难度加大，预示银行负债压力上升，资金波动加大，6月资金面可能呈现紧-松-紧的节奏。　　二、利率债：债牛行情延续　　1）债市进入震荡。上周1年期国债收2.68%，较前一周下行1BP；10年期国债收于3.28%，较前一周下行4BP。1年期国开债收于2.87%，较前一周上行5BP；10年期国开债收于3.70%，较前一周上行1BP。　　2）供给增加，需求较强。上周记账式国债发行471亿元，到期100亿元；政策性金融债发行807亿元，到期0亿元；地方政府债发行1271亿元，到期523亿元。上周利率债净供给为1927亿元，环比增加296亿元，信用债发行1133亿元，到期1140亿元，净供给-7亿元。　　3）经济下行压力未消。5月制造业PMI继续回落且跌至线下，制造业景气偏弱。中观数据看供需两端偏弱态势延续：一方面，终端需求继续走弱，地产销量增速、乘用车批发增速均现下滑；另一方面，工业生产依然偏紧，发电耗煤跌幅扩大，而汽车、钢铁以及江浙织机开工率均处同期低位。供需两端偏弱，叠加摩擦冲击，经济下行压力未消。　　4）内外形势均有利债市。城商行和农商行总负债增速显著高于GDP名义增速，是金融供给侧改革方向之一。若包商银行被托管引发打破金融刚兑潮，那么金融债等级间利差有望扩大，利于长期无风险利率下行。近期美国长债收益率下行，曲线倒挂，预示美国经济将步入衰退，倒逼美联储货币政策再度放松，国内货币宽松的外部压力减轻。而利差走扩，也为国内债市收益率下行打开空间。国内经济、通胀、资金面均对债市形成支撑，而海外摩擦加剧，避险情绪推动，债市收益率曲线有望走向牛平。　　三、信用债：打破刚兑加速　　1）信用债收益率上行。上周信用债收益率以上行为主，信用利差主动扩大。AAA级企业债收益率平均上行1BP，AA级企业债收益率平均上行2BP，城投债收益率均上行3BP。　　2）高风险金融机构处置力度加强。包商银行事件或意味着未来监管或将加强对高风险金融机构的处置力度，金融机构会有“正常的淘汰”，当金融机构达到某些标准（如资不抵债、无法持续经营等）时就会触发处置机制，或以重组或机构间兼并收购为主，以降低市场冲击。资产质量较差、依赖同业负债扩张、股东支持能力弱的中小银行或是重灾区。　　3）打破刚兑加速。2014年超日债违约打破了产业债刚兑，但国企、城投、金融等领域信用债的刚兑预期仍强，而包商银行同业存单和金融债部分受偿，意味着金融刚兑正式打破。产业债打破刚兑后产业债等级间利差趋势性走高，若金融领域打破刚兑，金融债等级间利差同样有望扩大，从而打开高等级信用债收益率的下行空间。　　四、可转债：转债估值压缩　　1）转债指数继续下跌。上周中证转债指数下跌0.76%，日均成交量（包含EB）50.9亿元，环比下降7%。我们计算的转债全样本指数（包含公募EB）下跌了0.57%；同期沪深300指数上涨1%、创业板指上涨2.76%、上证50上涨1%。个券53涨124跌，正股128涨4平45跌。涨幅前5位分别是金农转债（24.67%）、冰轮转债（6.7%）、天康转债（6.52%）、天马转债（4.61%）、特发转债（4.36%）。　　2）新券发行重启。上周转债发行重启，和而泰和三星新材两只转债发行。审批方面进度也有所加快，安图生物（6.83亿元）转债收到批文，英科医疗（4.7亿元）转债过会，北京文化（20亿元）、新莱应材（2.8亿元）等10只转债获受理，索菲亚（10亿元）终止了转债发行。此外，上周滨化股份（24亿元）、天赐材料（11.4亿元）、东方财富（73亿元）等9家公司公布了转债预案。　　3）转债估值压缩。上周权益市场震荡反弹，主要股指均小幅收涨。但转债全周收跌，其中估值大幅压缩导致转债与权益市场走势相反。从板块来看，这一现象集中体现在银行转债上。由于包商银行事件的影响，上周银行转债大幅下跌，尤其是张行、江银等城商行转债，跌幅远,6/8/19,8/20/19,6,whatever,6/8/19,6/8/19 16:55,161,恒力股份,6-8
851,37659,601678.SH,滨化股份,海通证券姜超：债市依旧向好 利率有望下行↵,美债利率倒挂，国内债市向好——海通债券每周交流与思考第320期（姜超等）　　来源：姜超宏观债券研究　　美债利率倒挂，国内债市向好　　——海通债券每周交流与思考第320期（姜超等）　　摘 要　　上周债市短期震荡，国债利率平均下行3bp，AAA级、AA级企业债和城投债利率平均上行2、2、3bp，转债下跌0.76%。　　美债利率倒挂，经济趋势回落。　　上周10年期美债利率降至2.14%，创下21个月以来新低。目前10年期美债利率已经低于1个月、3个月和1年期美债利率，各个指标衡量的美债利率曲线已经完全倒挂。　　而从期货市场观察，美国降息预期在近期大幅升温，9月份美国降息的概率已经升至73.9%，而市场预期12月美联储将会启动第二次降息。　　工业继续减速，通胀预期下降。　　5月制造业PMI下降至49.4%的荣枯线之下，其中需求和生产指数双双放缓。从中观指标观察，5月地产销售增速下滑，乘用车零售降幅缩窄但批发降幅仍高，6大电厂发电耗煤增速降幅扩大至19%，均显示5月经济在继续减速。　　而从物价走势看，5月以来猪价涨幅回落，而国际油价、铜价，国内煤价大幅下跌，预示5月通胀预期显著回落，我们预计CPI有望在年中见顶，下半年通胀有望回落。　　包商托管冲击，央行维稳资金。　　5月24日，央行及银保监会联合发布公告称，鉴于包商银行股份有限公司出现严重信用风险，决定对包商银行实行为期一年的接管。　　为何出现信用风险？一是因为资产端质量欠佳，包商银行不良率和资本充足率均低于同业水平。二是同业负债占比过高，18年3季度同业负债占比44%，超过监管红线。　　包商银行托管引发了对中小银行信用风险的担心，我们统计有18家农商城商行尚未披露年报。另外同业负债占比超过35%的银行也值得关注。　　由于货基赎回压力、包商相关交易冻结的连锁反应、资金融出方更加谨慎等原因，短期冲击银行间流动性，上周AA以下评级同业存,美债利率倒挂，国内债市向好——海通债券每周交流与思考第320期（姜超等）　　来源：姜超宏观债券研究　　美债利率倒挂，国内债市向好　　——海通债券每周交流与思考第320期（姜超等）　　摘 要　　上周债市短期震荡，国债利率平均下行3bp，AAA级、AA级企业债和城投债利率平均上行2、2、3bp，转债下跌0.76%。　　美债利率倒挂，经济趋势回落。　　上周10年期美债利率降至2.14%，创下21个月以来新低。目前10年期美债利率已经低于1个月、3个月和1年期美债利率，各个指标衡量的美债利率曲线已经完全倒挂。　　而从期货市场观察，美国降息预期在近期大幅升温，9月份美国降息的概率已经升至73.9%，而市场预期12月美联储将会启动第二次降息。　　工业继续减速，通胀预期下降。　　5月制造业PMI下降至49.4%的荣枯线之下，其中需求和生产指数双双放缓。从中观指标观察，5月地产销售增速下滑，乘用车零售降幅缩窄但批发降幅仍高，6大电厂发电耗煤增速降幅扩大至19%，均显示5月经济在继续减速。　　而从物价走势看，5月以来猪价涨幅回落，而国际油价、铜价，国内煤价大幅下跌，预示5月通胀预期显著回落，我们预计CPI有望在年中见顶，下半年通胀有望回落。　　包商托管冲击，央行维稳资金。　　5月24日，央行及银保监会联合发布公告称，鉴于包商银行股份有限公司出现严重信用风险，决定对包商银行实行为期一年的接管。　　为何出现信用风险？一是因为资产端质量欠佳，包商银行不良率和资本充足率均低于同业水平。二是同业负债占比过高，18年3季度同业负债占比44%，超过监管红线。　　包商银行托管引发了对中小银行信用风险的担心，我们统计有18家农商城商行尚未披露年报。另外同业负债占比超过35%的银行也值得关注。　　由于货基赎回压力、包商相关交易冻结的连锁反应、资金融出方更加谨慎等原因，短期冲击银行间流动性，上周AA以下评级同业存单利率上行超20bp，中小商业银行同业存单发行难度加大，流动性压力短期上升。　　但包商银行的处置有明天系的特殊性，短期内类似事件密集爆发的概率不大。央行上周加大货币投放力度，而且在13年钱荒之后央行建立了slf制度，地方中小银行可以向地方央行举借资金，因而钱荒不会重演，上周流动性先紧后松。　　债市依旧向好，利率有望下行。　　展望未来，我们认为债市依旧向好，有三大因素支撑债市未来继续上涨：　　一是海外宽松预期升温。由于美国对墨西哥，引发美国股市大幅下跌，10年期美债利率大幅下降，目前10年期国债利差已经超过110bp。　　二是国内经济下滑。5月需求和生产指标再度下滑，而通胀预期也大幅下降，基本面支持债市继续上涨。　　三是打破刚性兑付，在长期将降低货币增速，有利于利率中枢下行。　　综合来看，我们认为虽然包商银行事件会在短期冲击市场流动性，但在央行利率走廊的维稳之下，债市不会重演13年钱荒事件。而在5月份2.6%左右的DR007均值之下，当前3.3%左右的10年期国债具有明显的配置价值。　　一、货币利率：利率波动仍大　　1）货币利率冲高回落。上周央行逆回购5300亿，逆回购到期1000亿，国库现金定存800亿，央行整周净回投放5100亿，货币利率冲高回落。具体而言，R007均值上行30BP至3.01%，R001均值下行13BP至2.49%。DR007均值上行9BP至2.74%，DR001均值下行15BP至2.42%。　　2）高质量经济发展匹配低货币增速。中国央行货政司司长孙国峰在金融街论坛年会上指出货币政策要为供给侧结构性改革和经济高质量发展营造适宜的货币金融环境。M2和社会融资规模增速与名义GDP增速相挂钩，为我们判断稳健货币政策是否松紧适度提供了一个衡量标准。稳健货币政策主要看货币条件是否与保持经济平稳增长，与物价稳定的要求相匹配，要保持宏观杠杆率的总体平稳，结构优化。过去很长一段时间，在相对较高的储蓄水平和以间接融资为主的融资结构下，住房货币化和金融深化，以及对出口和投资的依赖等因素影响，我国M2增速往往高于名义GDP的增速。近年来，随着我国经济从高速增长转向高质量发展，住房货币化、储蓄结构、融资结构等结构性因素也在发生变化。相对慢一点的货币增速，可以满足经济运行保持在合理区间的需要。面对内外部挑战，央行货币政策应对空间充足，货币政策工具箱丰富。人民银行将继续实施好稳健的货币政策，根据经济增长和价格形势变化及时预调微调，保持流动性合理充裕。 　　3）利率波动加大。受包商银行被托管事件扰动，市场流动性趋紧，但央行加大资金投放，改变资金面预期，流动性重回宽裕状态。展望6月，虽为传统财政存款投放窗口，但将有6630亿MLF到期，5300亿逆回购到期，主要集中在6月第一周，月末还会面临银行半年末资金考核压力。近期国库现金定存操作利率上行，同业存单发行难度加大，预示银行负债压力上升，资金波动加大，6月资金面可能呈现紧-松-紧的节奏。　　二、利率债：债牛行情延续　　1）债市进入震荡。上周1年期国债收2.68%，较前一周下行1BP；10年期国债收于3.28%，较前一周下行4BP。1年期国开债收于2.87%，较前一周上行5BP；10年期国开债收于3.70%，较前一周上行1BP。　　2）供给增加，需求较强。上周记账式国债发行471亿元，到期100亿元；政策性金融债发行807亿元，到期0亿元；地方政府债发行1271亿元，到期523亿元。上周利率债净供给为1927亿元，环比增加296亿元，信用债发行1133亿元，到期1140亿元，净供给-7亿元。　　3）经济下行压力未消。5月制造业PMI继续回落且跌至线下，制造业景气偏弱。中观数据看供需两端偏弱态势延续：一方面，终端需求继续走弱，地产销量增速、乘用车批发增速均现下滑；另一方面，工业生产依然偏紧，发电耗煤跌幅扩大，而汽车、钢铁以及江浙织机开工率均处同期低位。供需两端偏弱，叠加摩擦冲击，经济下行压力未消。　　4）内外形势均有利债市。城商行和农商行总负债增速显著高于GDP名义增速，是金融供给侧改革方向之一。若包商银行被托管引发打破金融刚兑潮，那么金融债等级间利差有望扩大，利于长期无风险利率下行。近期美国长债收益率下行，曲线倒挂，预示美国经济将步入衰退，倒逼美联储货币政策再度放松，国内货币宽松的外部压力减轻。而利差走扩，也为国内债市收益率下行打开空间。国内经济、通胀、资金面均对债市形成支撑，而海外摩擦加剧，避险情绪推动，债市收益率曲线有望走向牛平。　　三、信用债：打破刚兑加速　　1）信用债收益率上行。上周信用债收益率以上行为主，信用利差主动扩大。AAA级企业债收益率平均上行1BP，AA级企业债收益率平均上行2BP，城投债收益率均上行3BP。　　2）高风险金融机构处置力度加强。包商银行事件或意味着未来监管或将加强对高风险金融机构的处置力度，金融机构会有“正常的淘汰”，当金融机构达到某些标准（如资不抵债、无法持续经营等）时就会触发处置机制，或以重组或机构间兼并收购为主，以降低市场冲击。资产质量较差、依赖同业负债扩张、股东支持能力弱的中小银行或是重灾区。　　3）打破刚兑加速。2014年超日债违约打破了产业债刚兑，但国企、城投、金融等领域信用债的刚兑预期仍强，而包商银行同业存单和金融债部分受偿，意味着金融刚兑正式打破。产业债打破刚兑后产业债等级间利差趋势性走高，若金融领域打破刚兑，金融债等级间利差同样有望扩大，从而打开高等级信用债收益率的下行空间。　　四、可转债：转债估值压缩　　1）转债指数继续下跌。上周中证转债指数下跌0.76%，日均成交量（包含EB）50.9亿元，环比下降7%。我们计算的转债全样本指数（包含公募EB）下跌了0.57%；同期沪深300指数上涨1%、创业板指上涨2.76%、上证50上涨1%。个券53涨124跌，正股128涨4平45跌。涨幅前5位分别是金农转债（24.67%）、冰轮转债（6.7%）、天康转债（6.52%）、天马转债（4.61%）、特发转债（4.36%）。　　2）新券发行重启。上周转债发行重启，和而泰和三星新材两只转债发行。审批方面进度也有所加快，安图生物（6.83亿元）转债收到批文，英科医疗（4.7亿元）转债过会，北京文化（20亿元）、新莱应材（2.8亿元）等10只转债获受理，索菲亚（10亿元）终止了转债发行。此外，上周滨化股份（24亿元）、天赐材料（11.4亿元）、东方财富（73亿元）等9家公司公布了转债预案。　　3）转债估值压缩。上周权益市场震荡反弹，主要股指均小幅收涨。但转债全周收跌，其中估值大幅压缩导致转债与权益市场走势相反。从板块来看，这一现象集中体现在银行转债上。由于包商银行事件的影响，上周银行转债大幅下跌，尤其是张行、江银等城商行转债，跌幅远,6/8/19,8/20/19,6,whatever,6/8/19,6/8/19 16:55,162,万润科技,6-8
852,37660,002709.SZ,天赐材料,海通证券姜超：债市依旧向好 利率有望下行↵,美债利率倒挂，国内债市向好——海通债券每周交流与思考第320期（姜超等）　　来源：姜超宏观债券研究　　美债利率倒挂，国内债市向好　　——海通债券每周交流与思考第320期（姜超等）　　摘 要　　上周债市短期震荡，国债利率平均下行3bp，AAA级、AA级企业债和城投债利率平均上行2、2、3bp，转债下跌0.76%。　　美债利率倒挂，经济趋势回落。　　上周10年期美债利率降至2.14%，创下21个月以来新低。目前10年期美债利率已经低于1个月、3个月和1年期美债利率，各个指标衡量的美债利率曲线已经完全倒挂。　　而从期货市场观察，美国降息预期在近期大幅升温，9月份美国降息的概率已经升至73.9%，而市场预期12月美联储将会启动第二次降息。　　工业继续减速，通胀预期下降。　　5月制造业PMI下降至49.4%的荣枯线之下，其中需求和生产指数双双放缓。从中观指标观察，5月地产销售增速下滑，乘用车零售降幅缩窄但批发降幅仍高，6大电厂发电耗煤增速降幅扩大至19%，均显示5月经济在继续减速。　　而从物价走势看，5月以来猪价涨幅回落，而国际油价、铜价，国内煤价大幅下跌，预示5月通胀预期显著回落，我们预计CPI有望在年中见顶，下半年通胀有望回落。　　包商托管冲击，央行维稳资金。　　5月24日，央行及银保监会联合发布公告称，鉴于包商银行股份有限公司出现严重信用风险，决定对包商银行实行为期一年的接管。　　为何出现信用风险？一是因为资产端质量欠佳，包商银行不良率和资本充足率均低于同业水平。二是同业负债占比过高，18年3季度同业负债占比44%，超过监管红线。　　包商银行托管引发了对中小银行信用风险的担心，我们统计有18家农商城商行尚未披露年报。另外同业负债占比超过35%的银行也值得关注。　　由于货基赎回压力、包商相关交易冻结的连锁反应、资金融出方更加谨慎等原因，短期冲击银行间流动性，上周AA以下评级同业存,美债利率倒挂，国内债市向好——海通债券每周交流与思考第320期（姜超等）　　来源：姜超宏观债券研究　　美债利率倒挂，国内债市向好　　——海通债券每周交流与思考第320期（姜超等）　　摘 要　　上周债市短期震荡，国债利率平均下行3bp，AAA级、AA级企业债和城投债利率平均上行2、2、3bp，转债下跌0.76%。　　美债利率倒挂，经济趋势回落。　　上周10年期美债利率降至2.14%，创下21个月以来新低。目前10年期美债利率已经低于1个月、3个月和1年期美债利率，各个指标衡量的美债利率曲线已经完全倒挂。　　而从期货市场观察，美国降息预期在近期大幅升温，9月份美国降息的概率已经升至73.9%，而市场预期12月美联储将会启动第二次降息。　　工业继续减速，通胀预期下降。　　5月制造业PMI下降至49.4%的荣枯线之下，其中需求和生产指数双双放缓。从中观指标观察，5月地产销售增速下滑，乘用车零售降幅缩窄但批发降幅仍高，6大电厂发电耗煤增速降幅扩大至19%，均显示5月经济在继续减速。　　而从物价走势看，5月以来猪价涨幅回落，而国际油价、铜价，国内煤价大幅下跌，预示5月通胀预期显著回落，我们预计CPI有望在年中见顶，下半年通胀有望回落。　　包商托管冲击，央行维稳资金。　　5月24日，央行及银保监会联合发布公告称，鉴于包商银行股份有限公司出现严重信用风险，决定对包商银行实行为期一年的接管。　　为何出现信用风险？一是因为资产端质量欠佳，包商银行不良率和资本充足率均低于同业水平。二是同业负债占比过高，18年3季度同业负债占比44%，超过监管红线。　　包商银行托管引发了对中小银行信用风险的担心，我们统计有18家农商城商行尚未披露年报。另外同业负债占比超过35%的银行也值得关注。　　由于货基赎回压力、包商相关交易冻结的连锁反应、资金融出方更加谨慎等原因，短期冲击银行间流动性，上周AA以下评级同业存单利率上行超20bp，中小商业银行同业存单发行难度加大，流动性压力短期上升。　　但包商银行的处置有明天系的特殊性，短期内类似事件密集爆发的概率不大。央行上周加大货币投放力度，而且在13年钱荒之后央行建立了slf制度，地方中小银行可以向地方央行举借资金，因而钱荒不会重演，上周流动性先紧后松。　　债市依旧向好，利率有望下行。　　展望未来，我们认为债市依旧向好，有三大因素支撑债市未来继续上涨：　　一是海外宽松预期升温。由于美国对墨西哥，引发美国股市大幅下跌，10年期美债利率大幅下降，目前10年期国债利差已经超过110bp。　　二是国内经济下滑。5月需求和生产指标再度下滑，而通胀预期也大幅下降，基本面支持债市继续上涨。　　三是打破刚性兑付，在长期将降低货币增速，有利于利率中枢下行。　　综合来看，我们认为虽然包商银行事件会在短期冲击市场流动性，但在央行利率走廊的维稳之下，债市不会重演13年钱荒事件。而在5月份2.6%左右的DR007均值之下，当前3.3%左右的10年期国债具有明显的配置价值。　　一、货币利率：利率波动仍大　　1）货币利率冲高回落。上周央行逆回购5300亿，逆回购到期1000亿，国库现金定存800亿，央行整周净回投放5100亿，货币利率冲高回落。具体而言，R007均值上行30BP至3.01%，R001均值下行13BP至2.49%。DR007均值上行9BP至2.74%，DR001均值下行15BP至2.42%。　　2）高质量经济发展匹配低货币增速。中国央行货政司司长孙国峰在金融街论坛年会上指出货币政策要为供给侧结构性改革和经济高质量发展营造适宜的货币金融环境。M2和社会融资规模增速与名义GDP增速相挂钩，为我们判断稳健货币政策是否松紧适度提供了一个衡量标准。稳健货币政策主要看货币条件是否与保持经济平稳增长，与物价稳定的要求相匹配，要保持宏观杠杆率的总体平稳，结构优化。过去很长一段时间，在相对较高的储蓄水平和以间接融资为主的融资结构下，住房货币化和金融深化，以及对出口和投资的依赖等因素影响，我国M2增速往往高于名义GDP的增速。近年来，随着我国经济从高速增长转向高质量发展，住房货币化、储蓄结构、融资结构等结构性因素也在发生变化。相对慢一点的货币增速，可以满足经济运行保持在合理区间的需要。面对内外部挑战，央行货币政策应对空间充足，货币政策工具箱丰富。人民银行将继续实施好稳健的货币政策，根据经济增长和价格形势变化及时预调微调，保持流动性合理充裕。 　　3）利率波动加大。受包商银行被托管事件扰动，市场流动性趋紧，但央行加大资金投放，改变资金面预期，流动性重回宽裕状态。展望6月，虽为传统财政存款投放窗口，但将有6630亿MLF到期，5300亿逆回购到期，主要集中在6月第一周，月末还会面临银行半年末资金考核压力。近期国库现金定存操作利率上行，同业存单发行难度加大，预示银行负债压力上升，资金波动加大，6月资金面可能呈现紧-松-紧的节奏。　　二、利率债：债牛行情延续　　1）债市进入震荡。上周1年期国债收2.68%，较前一周下行1BP；10年期国债收于3.28%，较前一周下行4BP。1年期国开债收于2.87%，较前一周上行5BP；10年期国开债收于3.70%，较前一周上行1BP。　　2）供给增加，需求较强。上周记账式国债发行471亿元，到期100亿元；政策性金融债发行807亿元，到期0亿元；地方政府债发行1271亿元，到期523亿元。上周利率债净供给为1927亿元，环比增加296亿元，信用债发行1133亿元，到期1140亿元，净供给-7亿元。　　3）经济下行压力未消。5月制造业PMI继续回落且跌至线下，制造业景气偏弱。中观数据看供需两端偏弱态势延续：一方面，终端需求继续走弱，地产销量增速、乘用车批发增速均现下滑；另一方面，工业生产依然偏紧，发电耗煤跌幅扩大，而汽车、钢铁以及江浙织机开工率均处同期低位。供需两端偏弱，叠加摩擦冲击，经济下行压力未消。　　4）内外形势均有利债市。城商行和农商行总负债增速显著高于GDP名义增速，是金融供给侧改革方向之一。若包商银行被托管引发打破金融刚兑潮，那么金融债等级间利差有望扩大，利于长期无风险利率下行。近期美国长债收益率下行，曲线倒挂，预示美国经济将步入衰退，倒逼美联储货币政策再度放松，国内货币宽松的外部压力减轻。而利差走扩，也为国内债市收益率下行打开空间。国内经济、通胀、资金面均对债市形成支撑，而海外摩擦加剧，避险情绪推动，债市收益率曲线有望走向牛平。　　三、信用债：打破刚兑加速　　1）信用债收益率上行。上周信用债收益率以上行为主，信用利差主动扩大。AAA级企业债收益率平均上行1BP，AA级企业债收益率平均上行2BP，城投债收益率均上行3BP。　　2）高风险金融机构处置力度加强。包商银行事件或意味着未来监管或将加强对高风险金融机构的处置力度，金融机构会有“正常的淘汰”，当金融机构达到某些标准（如资不抵债、无法持续经营等）时就会触发处置机制，或以重组或机构间兼并收购为主，以降低市场冲击。资产质量较差、依赖同业负债扩张、股东支持能力弱的中小银行或是重灾区。　　3）打破刚兑加速。2014年超日债违约打破了产业债刚兑，但国企、城投、金融等领域信用债的刚兑预期仍强，而包商银行同业存单和金融债部分受偿，意味着金融刚兑正式打破。产业债打破刚兑后产业债等级间利差趋势性走高，若金融领域打破刚兑，金融债等级间利差同样有望扩大，从而打开高等级信用债收益率的下行空间。　　四、可转债：转债估值压缩　　1）转债指数继续下跌。上周中证转债指数下跌0.76%，日均成交量（包含EB）50.9亿元，环比下降7%。我们计算的转债全样本指数（包含公募EB）下跌了0.57%；同期沪深300指数上涨1%、创业板指上涨2.76%、上证50上涨1%。个券53涨124跌，正股128涨4平45跌。涨幅前5位分别是金农转债（24.67%）、冰轮转债（6.7%）、天康转债（6.52%）、天马转债（4.61%）、特发转债（4.36%）。　　2）新券发行重启。上周转债发行重启，和而泰和三星新材两只转债发行。审批方面进度也有所加快，安图生物（6.83亿元）转债收到批文，英科医疗（4.7亿元）转债过会，北京文化（20亿元）、新莱应材（2.8亿元）等10只转债获受理，索菲亚（10亿元）终止了转债发行。此外，上周滨化股份（24亿元）、天赐材料（11.4亿元）、东方财富（73亿元）等9家公司公布了转债预案。　　3）转债估值压缩。上周权益市场震荡反弹，主要股指均小幅收涨。但转债全周收跌，其中估值大幅压缩导致转债与权益市场走势相反。从板块来看，这一现象集中体现在银行转债上。由于包商银行事件的影响，上周银行转债大幅下跌，尤其是张行、江银等城商行转债，跌幅远,6/8/19,8/20/19,6,whatever,6/8/19,6/8/19 16:55,163,共进股份,6-8
853,37661,600030.SH,中信证券,天风研究:证券行业进入较佳并购整合期 优选龙头券商↵,【证券】证券行业并购重组深度报告：勇立潮头，方显担当　　来源：天风研究　　※ 一流投行肩负时代重任，先做大再做强，先取势再取利。经济动能转换的时代大背景下，资本市场的定位已经上升到了前所未有的高度。我们需要有“中国的高盛、摩根士丹利”去承载中国资本市场的核心功能，打造高质量发展的新引擎。但目前中国证券行业与头部券商的整体规模偏小，证券业总资产在GDP、金融业中的占比过低。另外，证券行业的盈利能力（ROE）除了在特殊年份（牛市）外，大多数年份均不及商业银行，原因在于1）轻资产业务模式简单带来竞争加剧，佣金率下降；2）重资产业务偏向债权,【证券】证券行业并购重组深度报告：勇立潮头，方显担当　　来源：天风研究　　※ 一流投行肩负时代重任，先做大再做强，先取势再取利。经济动能转换的时代大背景下，资本市场的定位已经上升到了前所未有的高度。我们需要有“中国的高盛、摩根士丹利”去承载中国资本市场的核心功能，打造高质量发展的新引擎。但目前中国证券行业与头部券商的整体规模偏小，证券业总资产在GDP、金融业中的占比过低。另外，证券行业的盈利能力（ROE）除了在特殊年份（牛市）外，大多数年份均不及商业银行，原因在于1）轻资产业务模式简单带来竞争加剧，佣金率下降；2）重资产业务偏向债权，利差较低，且杠杆倍数过低。展望未来，轻资产业务（财富管理、投行、资管）将承载更多的专业能力并体现出差异；重资产业务（自营、资本中介）不会再过度聚焦债权投资（如融资融券、股票质押），而将加大股权投资比重。这个过程中，拥有产业投研能力与产业资源优势的证券公司理应做大并承担起历史重任。　　※ 大型证券公司（未来的一流投行）的盈利能力优势将扩大，而并购重组是提升实力的重要手段。1）轻资产业务线均面临能力升级要求，各家券商能力的差异将导致集中度提升。重资产业务将从债权转向股权，基于产业研究的股权投资能力将深刻影响ROE。另外，市场参与主体机构化、机构业务头部化、产业集中度提升也会强化这一大势。目前在投行、研究领域具有领先优势的券商有望脱颖而出。2）从1985年第一家证券公司成立至今，中国证券行业前后共经历了五次并购浪潮，包括“银证分离”（1995至1996年）、“增资扩股”（1999年）、“综合治理”（2004至2007年）、“一参一控”（2008至2010年）和“市场化并购”（2014年至今）。其中，中信的并购整合历程最具有代表性，通过多次成功的并购整合实现了综合实力的跨越式进步。3）欧美发达国家的证券行业经历了多次的兼并重组，呈现出寡头垄断格局。总体来看，并购重组后的海外投行效益提升显著，例如高盛历史上几次重要的并购对其发展起到了关键的作用。海外经验表明证券公司可以将资本优势转化为利润优势。　　※ 中国证券行业已经进入较佳的并购整合期。证券公司的并购重组主要包括公司治理结构、经营战略、人力资源、市场资源、客户资源和企业控制权等的整合，是一个全方位、多元化的系统工程。成功的并购整合需要以公司整体战略为导向，寻找互补性强的标的，并形成较强的整合协同。　　※ 投资建议：优选龙头券商。　　资本市场政策、市场流动性、经营业绩均有改善。随着并购整合的大幕开启，证券行业强者恒强的时代正在逐步展开。证券行业目前平均估值1.80xPB，大型券商估值在1.0-1.5xPB之间，行业历史估值的中位数为2.5xPB（2012年至今）。我们推荐中信证券、华泰证券、海通证券、国泰君安。　　风险提示：市场低迷导致业绩及估值双重下滑、并购整合效果不及预期　　证券研究报告《证券：证券行业并购重,6/8/19,8/20/19,6,whatever,6/8/19,6/8/19 16:55,164,庄园牧场,6-8
854,37662,601688.SH,华泰证券,天风研究:证券行业进入较佳并购整合期 优选龙头券商↵,【证券】证券行业并购重组深度报告：勇立潮头，方显担当　　来源：天风研究　　※ 一流投行肩负时代重任，先做大再做强，先取势再取利。经济动能转换的时代大背景下，资本市场的定位已经上升到了前所未有的高度。我们需要有“中国的高盛、摩根士丹利”去承载中国资本市场的核心功能，打造高质量发展的新引擎。但目前中国证券行业与头部券商的整体规模偏小，证券业总资产在GDP、金融业中的占比过低。另外，证券行业的盈利能力（ROE）除了在特殊年份（牛市）外，大多数年份均不及商业银行，原因在于1）轻资产业务模式简单带来竞争加剧，佣金率下降；2）重资产业务偏向债权,【证券】证券行业并购重组深度报告：勇立潮头，方显担当　　来源：天风研究　　※ 一流投行肩负时代重任，先做大再做强，先取势再取利。经济动能转换的时代大背景下，资本市场的定位已经上升到了前所未有的高度。我们需要有“中国的高盛、摩根士丹利”去承载中国资本市场的核心功能，打造高质量发展的新引擎。但目前中国证券行业与头部券商的整体规模偏小，证券业总资产在GDP、金融业中的占比过低。另外，证券行业的盈利能力（ROE）除了在特殊年份（牛市）外，大多数年份均不及商业银行，原因在于1）轻资产业务模式简单带来竞争加剧，佣金率下降；2）重资产业务偏向债权，利差较低，且杠杆倍数过低。展望未来，轻资产业务（财富管理、投行、资管）将承载更多的专业能力并体现出差异；重资产业务（自营、资本中介）不会再过度聚焦债权投资（如融资融券、股票质押），而将加大股权投资比重。这个过程中，拥有产业投研能力与产业资源优势的证券公司理应做大并承担起历史重任。　　※ 大型证券公司（未来的一流投行）的盈利能力优势将扩大，而并购重组是提升实力的重要手段。1）轻资产业务线均面临能力升级要求，各家券商能力的差异将导致集中度提升。重资产业务将从债权转向股权，基于产业研究的股权投资能力将深刻影响ROE。另外，市场参与主体机构化、机构业务头部化、产业集中度提升也会强化这一大势。目前在投行、研究领域具有领先优势的券商有望脱颖而出。2）从1985年第一家证券公司成立至今，中国证券行业前后共经历了五次并购浪潮，包括“银证分离”（1995至1996年）、“增资扩股”（1999年）、“综合治理”（2004至2007年）、“一参一控”（2008至2010年）和“市场化并购”（2014年至今）。其中，中信的并购整合历程最具有代表性，通过多次成功的并购整合实现了综合实力的跨越式进步。3）欧美发达国家的证券行业经历了多次的兼并重组，呈现出寡头垄断格局。总体来看，并购重组后的海外投行效益提升显著，例如高盛历史上几次重要的并购对其发展起到了关键的作用。海外经验表明证券公司可以将资本优势转化为利润优势。　　※ 中国证券行业已经进入较佳的并购整合期。证券公司的并购重组主要包括公司治理结构、经营战略、人力资源、市场资源、客户资源和企业控制权等的整合，是一个全方位、多元化的系统工程。成功的并购整合需要以公司整体战略为导向，寻找互补性强的标的，并形成较强的整合协同。　　※ 投资建议：优选龙头券商。　　资本市场政策、市场流动性、经营业绩均有改善。随着并购整合的大幕开启，证券行业强者恒强的时代正在逐步展开。证券行业目前平均估值1.80xPB，大型券商估值在1.0-1.5xPB之间，行业历史估值的中位数为2.5xPB（2012年至今）。我们推荐中信证券、华泰证券、海通证券、国泰君安。　　风险提示：市场低迷导致业绩及估值双重下滑、并购整合效果不及预期　　证券研究报告《证券：证券行业并购重,6/8/19,8/20/19,6,whatever,6/8/19,6/8/19 16:55,165,宏辉果蔬,6-8
855,37663,600837.SH,海通证券,天风研究:证券行业进入较佳并购整合期 优选龙头券商↵,【证券】证券行业并购重组深度报告：勇立潮头，方显担当　　来源：天风研究　　※ 一流投行肩负时代重任，先做大再做强，先取势再取利。经济动能转换的时代大背景下，资本市场的定位已经上升到了前所未有的高度。我们需要有“中国的高盛、摩根士丹利”去承载中国资本市场的核心功能，打造高质量发展的新引擎。但目前中国证券行业与头部券商的整体规模偏小，证券业总资产在GDP、金融业中的占比过低。另外，证券行业的盈利能力（ROE）除了在特殊年份（牛市）外，大多数年份均不及商业银行，原因在于1）轻资产业务模式简单带来竞争加剧，佣金率下降；2）重资产业务偏向债权,【证券】证券行业并购重组深度报告：勇立潮头，方显担当　　来源：天风研究　　※ 一流投行肩负时代重任，先做大再做强，先取势再取利。经济动能转换的时代大背景下，资本市场的定位已经上升到了前所未有的高度。我们需要有“中国的高盛、摩根士丹利”去承载中国资本市场的核心功能，打造高质量发展的新引擎。但目前中国证券行业与头部券商的整体规模偏小，证券业总资产在GDP、金融业中的占比过低。另外，证券行业的盈利能力（ROE）除了在特殊年份（牛市）外，大多数年份均不及商业银行，原因在于1）轻资产业务模式简单带来竞争加剧，佣金率下降；2）重资产业务偏向债权，利差较低，且杠杆倍数过低。展望未来，轻资产业务（财富管理、投行、资管）将承载更多的专业能力并体现出差异；重资产业务（自营、资本中介）不会再过度聚焦债权投资（如融资融券、股票质押），而将加大股权投资比重。这个过程中，拥有产业投研能力与产业资源优势的证券公司理应做大并承担起历史重任。　　※ 大型证券公司（未来的一流投行）的盈利能力优势将扩大，而并购重组是提升实力的重要手段。1）轻资产业务线均面临能力升级要求，各家券商能力的差异将导致集中度提升。重资产业务将从债权转向股权，基于产业研究的股权投资能力将深刻影响ROE。另外，市场参与主体机构化、机构业务头部化、产业集中度提升也会强化这一大势。目前在投行、研究领域具有领先优势的券商有望脱颖而出。2）从1985年第一家证券公司成立至今，中国证券行业前后共经历了五次并购浪潮，包括“银证分离”（1995至1996年）、“增资扩股”（1999年）、“综合治理”（2004至2007年）、“一参一控”（2008至2010年）和“市场化并购”（2014年至今）。其中，中信的并购整合历程最具有代表性，通过多次成功的并购整合实现了综合实力的跨越式进步。3）欧美发达国家的证券行业经历了多次的兼并重组，呈现出寡头垄断格局。总体来看，并购重组后的海外投行效益提升显著，例如高盛历史上几次重要的并购对其发展起到了关键的作用。海外经验表明证券公司可以将资本优势转化为利润优势。　　※ 中国证券行业已经进入较佳的并购整合期。证券公司的并购重组主要包括公司治理结构、经营战略、人力资源、市场资源、客户资源和企业控制权等的整合，是一个全方位、多元化的系统工程。成功的并购整合需要以公司整体战略为导向，寻找互补性强的标的，并形成较强的整合协同。　　※ 投资建议：优选龙头券商。　　资本市场政策、市场流动性、经营业绩均有改善。随着并购整合的大幕开启，证券行业强者恒强的时代正在逐步展开。证券行业目前平均估值1.80xPB，大型券商估值在1.0-1.5xPB之间，行业历史估值的中位数为2.5xPB（2012年至今）。我们推荐中信证券、华泰证券、海通证券、国泰君安。　　风险提示：市场低迷导致业绩及估值双重下滑、并购整合效果不及预期　　证券研究报告《证券：证券行业并购重,6/8/19,8/20/19,6,whatever,6/8/19,6/8/19 16:55,166,蓝英装备,6-8
